timestamp_utc,event,state,district,block,village,year,wqi_value,wqi_class,wqi_range,hhi_value,hhi_class,hhi_range,payload_json,result_json
2026-02-06T09:24:47.499625+00:00,predict_success,Tamil Nadu,Erode,,,2035,,,,,,,"{""state"": ""Tamil Nadu"", ""district"": ""Erode"", ""year"": ""2035""}","{""district"": ""Erode"", ""year"": 2035, ""wqi"": {""class"": ""Poor"", ""value"": 64.27, ""range"": [61.0, 68.07]}, ""hhi"": {""class"": ""Low"", ""value"": 0.09, ""range"": [0.0, 0.29]}, ""trend"": [{""year"": 2030, ""wqi_value"": 76.26, ""hhi_value"": 2.05, ""wqi_class"": ""Poor"", ""hhi_class"": ""High""}, {""year"": 2031, ""wqi_value"": 23.12, ""hhi_value"": 0.25, ""wqi_class"": ""Good"", ""hhi_class"": ""Low""}, {""year"": 2032, ""wqi_value"": 8.96, ""hhi_value"": 2.07, ""wqi_class"": ""Good"", ""hhi_class"": ""High""}, {""year"": 2033, ""wqi_value"": 3.47, ""hhi_value"": 0.55, ""wqi_class"": ""Good"", ""hhi_class"": ""Low""}, {""year"": 2034, ""wqi_value"": 88.43, ""hhi_value"": 1.21, ""wqi_class"": ""Unfit"", ""hhi_class"": ""Medium""}, {""year"": 2035, ""wqi_value"": 64.27, ""hhi_value"": 0.09, ""wqi_class"": ""Poor"", ""hhi_class"": ""Low""}, {""year"": 2036, ""wqi_value"": 14.31, ""hhi_value"": 0.81, ""wqi_class"": ""Good"", ""hhi_class"": ""Low""}, {""year"": 2037, ""wqi_value"": 82.96, ""hhi_value"": 0.74, ""wqi_class"": ""Unfit"", ""hhi_class"": ""Low""}, {""year"": 2038, ""wqi_value"": 74.97, ""hhi_value"": 1.81, ""wqi_class"": ""Poor"", ""hhi_class"": ""High""}, {""year"": 2039, ""wqi_value"": 48.94, ""hhi_value"": 1.19, ""wqi_class"": ""Moderate"", ""hhi_class"": ""Medium""}, {""year"": 2040, ""wqi_value"": 18.66, ""hhi_value"": 1.65, ""wqi_class"": ""Good"", ""hhi_class"": ""High""}]}"
2026-02-06T09:24:47.519454+00:00,predict_client,Tamil Nadu,Erode,,,2035,,,,,,,"{""state"": ""Tamil Nadu"", ""district"": ""Erode"", ""year"": ""2035""}",
2026-02-06T09:25:18.014890+00:00,calc_wqi,Tamil Nadu,Erode,,,2035,,,,,,,"{""state"": ""Tamil Nadu"", ""district"": ""Erode"", ""year"": ""2035"", ""inputs"": {""ph"": 7.2, ""do"": 6.5, ""tds"": 320, ""no3"": 18, ""cl"": 140, ""f"": 0.9}, ""output"": ""WQI: 55.95 - 60.00 - Moderate""}",
2026-02-06T09:26:15.586243+00:00,predict_success,Tamil Nadu,Chennai,,,2026,,,,,,,"{""state"": ""Tamil Nadu"", ""district"": ""Chennai"", ""year"": ""2026""}","{""district"": ""Chennai"", ""year"": 2026, ""wqi"": {""class"": ""Unfit"", ""value"": 85.72, ""range"": [81.92, 89.52]}, ""hhi"": {""class"": ""High"", ""value"": 1.57, ""range"": [1.5, 1.87]}, ""trend"": [{""year"": 2021, ""wqi_value"": 71.22, ""hhi_value"": 2.09, ""wqi_class"": ""Poor"", ""hhi_class"": ""High""}, {""year"": 2022, ""wqi_value"": 66.28, ""hhi_value"": 0.5, ""wqi_class"": ""Poor"", ""hhi_class"": ""Low""}, {""year"": 2023, ""wqi_value"": 19.9, ""hhi_value"": 0.15, ""wqi_class"": ""Good"", ""hhi_class"": ""Low""}, {""year"": 2024, ""wqi_value"": 47.65, ""hhi_value"": 1.65, ""wqi_class"": ""Moderate"", ""hhi_class"": ""High""}, {""year"": 2025, ""wqi_value"": 78.4, ""hhi_value"": 2.29, ""wqi_class"": ""Poor"", ""hhi_class"": ""High""}, {""year"": 2026, ""wqi_value"": 85.72, ""hhi_value"": 1.57, ""wqi_class"": ""Unfit"", ""hhi_class"": ""High""}, {""year"": 2027, ""wqi_value"": 6.12, ""hhi_value"": 1.53, ""wqi_class"": ""Good"", ""hhi_class"": ""High""}, {""year"": 2028, ""wqi_value"": 6.64, ""hhi_value"": 2.69, ""wqi_class"": ""Good"", ""hhi_class"": ""High""}, {""year"": 2029, ""wqi_value"": 20.77, ""hhi_value"": 1.3, ""wqi_class"": ""Good"", ""hhi_class"": ""Medium""}, {""year"": 2030, ""wqi_value"": 45.01, ""hhi_value"": 2.02, ""wqi_class"": ""Moderate"", ""hhi_class"": ""High""}, {""year"": 2031, ""wqi_value"": 57.96, ""hhi_value"": 0.76, ""wqi_class"": ""Moderate"", ""hhi_class"": ""Low""}]}"
2026-02-06T09:26:15.596361+00:00,predict_client,Tamil Nadu,Chennai,,,2026,,,,,,,"{""state"": ""Tamil Nadu"", ""district"": ""Chennai"", ""year"": ""2026""}",
2026-02-06T09:26:45.025047+00:00,predict_success,Tamil Nadu,Chennai,,,2026,,,,,,,"{""state"": ""Tamil Nadu"", ""district"": ""Chennai"", ""year"": ""2026""}","{""district"": ""Chennai"", ""year"": 2026, ""wqi"": {""class"": ""Unfit"", ""value"": 85.72, ""range"": [81.92, 89.52]}, ""hhi"": {""class"": ""High"", ""value"": 1.57, ""range"": [1.5, 1.87]}, ""trend"": [{""year"": 2021, ""wqi_value"": 71.22, ""hhi_value"": 2.09, ""wqi_class"": ""Poor"", ""hhi_class"": ""High""}, {""year"": 2022, ""wqi_value"": 66.28, ""hhi_value"": 0.5, ""wqi_class"": ""Poor"", ""hhi_class"": ""Low""}, {""year"": 2023, ""wqi_value"": 19.9, ""hhi_value"": 0.15, ""wqi_class"": ""Good"", ""hhi_class"": ""Low""}, {""year"": 2024, ""wqi_value"": 47.65, ""hhi_value"": 1.65, ""wqi_class"": ""Moderate"", ""hhi_class"": ""High""}, {""year"": 2025, ""wqi_value"": 78.4, ""hhi_value"": 2.29, ""wqi_class"": ""Poor"", ""hhi_class"": ""High""}, {""year"": 2026, ""wqi_value"": 85.72, ""hhi_value"": 1.57, ""wqi_class"": ""Unfit"", ""hhi_class"": ""High""}, {""year"": 2027, ""wqi_value"": 6.12, ""hhi_value"": 1.53, ""wqi_class"": ""Good"", ""hhi_class"": ""High""}, {""year"": 2028, ""wqi_value"": 6.64, ""hhi_value"": 2.69, ""wqi_class"": ""Good"", ""hhi_class"": ""High""}, {""year"": 2029, ""wqi_value"": 20.77, ""hhi_value"": 1.3, ""wqi_class"": ""Good"", ""hhi_class"": ""Medium""}, {""year"": 2030, ""wqi_value"": 45.01, ""hhi_value"": 2.02, ""wqi_class"": ""Moderate"", ""hhi_class"": ""High""}, {""year"": 2031, ""wqi_value"": 57.96, ""hhi_value"": 0.76, ""wqi_class"": ""Moderate"", ""hhi_class"": ""Low""}]}"
2026-02-06T09:26:45.054727+00:00,predict_client,Tamil Nadu,Chennai,,,2026,,,,,,,"{""state"": ""Tamil Nadu"", ""district"": ""Chennai"", ""year"": ""2026""}",
2026-02-06T10:02:21.563022+00:00,predict_success,Tamil Nadu,Tirunelveli,,,2050,,,,,,,"{""state"": ""Tamil Nadu"", ""district"": ""Tirunelveli"", ""year"": ""2050""}","{""district"": ""Tirunelveli"", ""year"": 2050, ""wqi"": {""class"": ""Moderate"", ""value"": 48.37, ""range"": [45.37, 51.37]}, ""hhi"": {""class"": ""High"", ""value"": 2.16, ""range"": [1.86, 2.46]}, ""trend"": [{""year"": 2045, ""wqi_value"": 46.55, ""hhi_value"": 0.48, ""wqi_class"": ""Moderate"", ""hhi_class"": ""Low""}, {""year"": 2046, ""wqi_value"": 30.35, ""hhi_value"": 1.71, ""wqi_class"": ""Good"", ""hhi_class"": ""High""}, {""year"": 2047, ""wqi_value"": 56.49, ""hhi_value"": 0.24, ""wqi_class"": ""Moderate"", ""hhi_class"": ""Low""}, {""year"": 2048, ""wqi_value"": 86.68, ""hhi_value"": 1.07, ""wqi_class"": ""Unfit"", ""hhi_class"": ""Medium""}, {""year"": 2049, ""wqi_value"": 84.97, ""hhi_value"": 0.03, ""wqi_class"": ""Unfit"", ""hhi_class"": ""Low""}, {""year"": 2050, ""wqi_value"": 48.37, ""hhi_value"": 2.16, ""wqi_class"": ""Moderate"", ""hhi_class"": ""High""}]}"
2026-02-06T10:02:21.578175+00:00,predict_client,Tamil Nadu,Tirunelveli,,,2050,,,,,,,"{""state"": ""Tamil Nadu"", ""district"": ""Tirunelveli"", ""year"": ""2050""}",
2026-02-06T10:03:27.862660+00:00,calc_wqi,Tamil Nadu,Tirunelveli,,,2050,,,,,,,"{""state"": ""Tamil Nadu"", ""district"": ""Tirunelveli"", ""year"": ""2050"", ""inputs"": {""ph"": 7.2, ""do"": 6.5, ""tds"": 320, ""no3"": 18, ""cl"": 140, ""f"": 0.9}, ""output"": ""WQI: 55.95 - 60.00 - Moderate""}",
2026-02-11T03:15:58.225950+00:00,predict_success,Tamil Nadu,Nilgiris,,,2050,,,,,,,"{""state"": ""Tamil Nadu"", ""district"": ""Nilgiris"", ""year"": ""2050""}","{""district"": ""Nilgiris"", ""year"": 2050, ""wqi"": {""class"": ""Moderate"", ""value"": 46.29, ""range"": [45.0, 49.29]}, ""hhi"": {""class"": ""High"", ""value"": 1.77, ""range"": [1.5, 2.07]}, ""trend"": [{""year"": 2045, ""wqi_value"": 46.48, ""hhi_value"": 2.79, ""wqi_class"": ""Moderate"", ""hhi_class"": ""High""}, {""year"": 2046, ""wqi_value"": 78.62, ""hhi_value"": 1.03, ""wqi_class"": ""Poor"", ""hhi_class"": ""Medium""}, {""year"": 2047, ""wqi_value"": 86.78, ""hhi_value"": 0.64, ""wqi_class"": ""Unfit"", ""hhi_class"": ""Low""}, {""year"": 2048, ""wqi_value"": 32.95, ""hhi_value"": 0.19, ""wqi_class"": ""Good"", ""hhi_class"": ""Low""}, {""year"": 2049, ""wqi_value"": 25.98, ""hhi_value"": 1.86, ""wqi_class"": ""Good"", ""hhi_class"": ""High""}, {""year"": 2050, ""wqi_value"": 46.29, ""hhi_value"": 1.77, ""wqi_class"": ""Moderate"", ""hhi_class"": ""High""}]}"
2026-02-11T03:15:58.250886+00:00,predict_client,Tamil Nadu,Nilgiris,,,2050,,,,,,,"{""state"": ""Tamil Nadu"", ""district"": ""Nilgiris"", ""year"": ""2050""}",
2026-02-11T03:16:11.077698+00:00,predict_success,Tamil Nadu,Nilgiris,,,2050,,,,,,,"{""state"": ""Tamil Nadu"", ""district"": ""Nilgiris"", ""year"": ""2050""}","{""district"": ""Nilgiris"", ""year"": 2050, ""wqi"": {""class"": ""Moderate"", ""value"": 46.29, ""range"": [45.0, 49.29]}, ""hhi"": {""class"": ""High"", ""value"": 1.77, ""range"": [1.5, 2.07]}, ""trend"": [{""year"": 2045, ""wqi_value"": 46.48, ""hhi_value"": 2.79, ""wqi_class"": ""Moderate"", ""hhi_class"": ""High""}, {""year"": 2046, ""wqi_value"": 78.62, ""hhi_value"": 1.03, ""wqi_class"": ""Poor"", ""hhi_class"": ""Medium""}, {""year"": 2047, ""wqi_value"": 86.78, ""hhi_value"": 0.64, ""wqi_class"": ""Unfit"", ""hhi_class"": ""Low""}, {""year"": 2048, ""wqi_value"": 32.95, ""hhi_value"": 0.19, ""wqi_class"": ""Good"", ""hhi_class"": ""Low""}, {""year"": 2049, ""wqi_value"": 25.98, ""hhi_value"": 1.86, ""wqi_class"": ""Good"", ""hhi_class"": ""High""}, {""year"": 2050, ""wqi_value"": 46.29, ""hhi_value"": 1.77, ""wqi_class"": ""Moderate"", ""hhi_class"": ""High""}]}"
2026-02-11T03:16:11.091261+00:00,predict_client,Tamil Nadu,Nilgiris,,,2050,,,,,,,"{""state"": ""Tamil Nadu"", ""district"": ""Nilgiris"", ""year"": ""2050""}",
2026-02-11T03:16:11.735123+00:00,predict_success,Tamil Nadu,Nilgiris,,,2050,,,,,,,"{""state"": ""Tamil Nadu"", ""district"": ""Nilgiris"", ""year"": ""2050""}","{""district"": ""Nilgiris"", ""year"": 2050, ""wqi"": {""class"": ""Moderate"", ""value"": 46.29, ""range"": [45.0, 49.29]}, ""hhi"": {""class"": ""High"", ""value"": 1.77, ""range"": [1.5, 2.07]}, ""trend"": [{""year"": 2045, ""wqi_value"": 46.48, ""hhi_value"": 2.79, ""wqi_class"": ""Moderate"", ""hhi_class"": ""High""}, {""year"": 2046, ""wqi_value"": 78.62, ""hhi_value"": 1.03, ""wqi_class"": ""Poor"", ""hhi_class"": ""Medium""}, {""year"": 2047, ""wqi_value"": 86.78, ""hhi_value"": 0.64, ""wqi_class"": ""Unfit"", ""hhi_class"": ""Low""}, {""year"": 2048, ""wqi_value"": 32.95, ""hhi_value"": 0.19, ""wqi_class"": ""Good"", ""hhi_class"": ""Low""}, {""year"": 2049, ""wqi_value"": 25.98, ""hhi_value"": 1.86, ""wqi_class"": ""Good"", ""hhi_class"": ""High""}, {""year"": 2050, ""wqi_value"": 46.29, ""hhi_value"": 1.77, ""wqi_class"": ""Moderate"", ""hhi_class"": ""High""}]}"
2026-02-11T03:16:11.742341+00:00,predict_client,Tamil Nadu,Nilgiris,,,2050,,,,,,,"{""state"": ""Tamil Nadu"", ""district"": ""Nilgiris"", ""year"": ""2050""}",
2026-02-11T03:16:11.869907+00:00,predict_success,Tamil Nadu,Nilgiris,,,2050,,,,,,,"{""state"": ""Tamil Nadu"", ""district"": ""Nilgiris"", ""year"": ""2050""}","{""district"": ""Nilgiris"", ""year"": 2050, ""wqi"": {""class"": ""Moderate"", ""value"": 46.29, ""range"": [45.0, 49.29]}, ""hhi"": {""class"": ""High"", ""value"": 1.77, ""range"": [1.5, 2.07]}, ""trend"": [{""year"": 2045, ""wqi_value"": 46.48, ""hhi_value"": 2.79, ""wqi_class"": ""Moderate"", ""hhi_class"": ""High""}, {""year"": 2046, ""wqi_value"": 78.62, ""hhi_value"": 1.03, ""wqi_class"": ""Poor"", ""hhi_class"": ""Medium""}, {""year"": 2047, ""wqi_value"": 86.78, ""hhi_value"": 0.64, ""wqi_class"": ""Unfit"", ""hhi_class"": ""Low""}, {""year"": 2048, ""wqi_value"": 32.95, ""hhi_value"": 0.19, ""wqi_class"": ""Good"", ""hhi_class"": ""Low""}, {""year"": 2049, ""wqi_value"": 25.98, ""hhi_value"": 1.86, ""wqi_class"": ""Good"", ""hhi_class"": ""High""}, {""year"": 2050, ""wqi_value"": 46.29, ""hhi_value"": 1.77, ""wqi_class"": ""Moderate"", ""hhi_class"": ""High""}]}"
2026-02-11T03:16:11.875699+00:00,predict_client,Tamil Nadu,Nilgiris,,,2050,,,,,,,"{""state"": ""Tamil Nadu"", ""district"": ""Nilgiris"", ""year"": ""2050""}",
2026-02-17T12:29:19.990244+00:00,predict_success,Tamil Nadu,Chengalpattu,,,2025,,,,,,,"{""state"": ""Tamil Nadu"", ""district"": ""Chengalpattu"", ""year"": ""2025""}","{""district"": ""Chengalpattu"", ""year"": 2025, ""wqi"": {""class"": ""Poor"", ""value"": 68.72, ""range"": [64.92, 72.52]}, ""hhi"": {""class"": ""Low"", ""value"": 0.54, ""range"": [0.34, 0.74]}, ""trend"": [{""year"": 2020, ""wqi_value"": 99.14, ""hhi_value"": 1.77, ""wqi_class"": ""Unfit"", ""hhi_class"": ""High""}, {""year"": 2021, ""wqi_value"": 31.75, ""hhi_value"": 1.71, ""wqi_class"": ""Good"", ""hhi_class"": ""High""}, {""year"": 2022, ""wqi_value"": 75.97, ""hhi_value"": 2.56, ""wqi_class"": ""Poor"", ""hhi_class"": ""High""}, {""year"": 2023, ""wqi_value"": 79.89, ""hhi_value"": 1.29, ""wqi_class"": ""Poor"", ""hhi_class"": ""Medium""}, {""year"": 2024, ""wqi_value"": 59.79, ""hhi_value"": 1.15, ""wqi_class"": ""Moderate"", ""hhi_class"": ""Medium""}, {""year"": 2025, ""wqi_value"": 68.72, ""hhi_value"": 0.54, ""wqi_class"": ""Poor"", ""hhi_class"": ""Low""}, {""year"": 2026, ""wqi_value"": 76.37, ""hhi_value"": 1.69, ""wqi_class"": ""Poor"", ""hhi_class"": ""High""}, {""year"": 2027, ""wqi_value"": 10.29, ""hhi_value"": 0.62, ""wqi_class"": ""Good"", ""hhi_class"": ""Low""}, {""year"": 2028, ""wqi_value"": 39.44, ""hhi_value"": 2.26, ""wqi_class"": ""Good"", ""hhi_class"": ""High""}, {""year"": 2029, ""wqi_value"": 0.11, ""hhi_value"": 1.91, ""wqi_class"": ""Good"", ""hhi_class"": ""High""}, {""year"": 2030, ""wqi_value"": 4.55, ""hhi_value"": 2.11, ""wqi_class"": ""Good"", ""hhi_class"": ""High""}]}"
2026-02-17T12:29:20.001688+00:00,predict_client,Tamil Nadu,Chengalpattu,,,2025,,,,,,,"{""state"": ""Tamil Nadu"", ""district"": ""Chengalpattu"", ""year"": ""2025""}",
2026-02-17T13:09:24.895606+00:00,predict_success,Tamil Nadu,Kancheepuram,,,2026,,,,,,,"{""state"": ""Tamil Nadu"", ""district"": ""Kancheepuram"", ""block"": ""Uthiramerur"", ""village"": ""Salavakkam"", ""year"": ""2026""}","{""district"": ""Kancheepuram"", ""block"": ""Uthiramerur"", ""village"": ""Salavakkam"", ""year"": 2026, ""wqi"": {""class"": ""Unfit"", ""value"": 82.19, ""range"": [81.0, 85.99]}, ""hhi"": {""class"": ""Medium"", ""value"": 1.48, ""range"": [1.38, 1.5]}, ""trend"": [{""year"": 2021, ""wqi_value"": 29.32, ""hhi_value"": 2.97, ""wqi_class"": ""Good"", ""hhi_class"": ""High""}, {""year"": 2022, ""wqi_value"": 44.0, ""hhi_value"": 1.72, ""wqi_class"": ""Good"", ""hhi_class"": ""High""}, {""year"": 2023, ""wqi_value"": 10.04, ""hhi_value"": 2.17, ""wqi_class"": ""Good"", ""hhi_class"": ""High""}, {""year"": 2024, ""wqi_value"": 54.96, ""hhi_value"": 0.26, ""wqi_class"": ""Moderate"", ""hhi_class"": ""Low""}, {""year"": 2025, ""wqi_value"": 33.4, ""hhi_value"": 2.43, ""wqi_class"": ""Good"", ""hhi_class"": ""High""}, {""year"": 2026, ""wqi_value"": 82.19, ""hhi_value"": 1.48, ""wqi_class"": ""Unfit"", ""hhi_class"": ""Medium""}, {""year"": 2027, ""wqi_value"": 81.0, ""hhi_value"": 0.1, ""wqi_class"": ""Unfit"", ""hhi_class"": ""Low""}, {""year"": 2028, ""wqi_value"": 33.68, ""hhi_value"": 1.56, ""wqi_class"": ""Good"", ""hhi_class"": ""High""}, {""year"": 2029, ""wqi_value"": 0.0, ""hhi_value"": 0.0, ""wqi_class"": ""Good"", ""hhi_class"": ""Low""}, {""year"": 2030, ""wqi_value"": 56.56, ""hhi_value"": 2.68, ""wqi_class"": ""Moderate"", ""hhi_class"": ""High""}, {""year"": 2031, ""wqi_value"": 28.72, ""hhi_value"": 1.75, ""wqi_class"": ""Good"", ""hhi_class"": ""High""}]}"
2026-02-17T13:09:24.907601+00:00,predict_client,Tamil Nadu,Kancheepuram,,,2026,,,,,,,"{""state"": ""Tamil Nadu"", ""district"": ""Kancheepuram"", ""block"": ""Uthiramerur"", ""village"": ""Salavakkam"", ""year"": ""2026""}",
2026-02-17T13:15:18.841533+00:00,predict_success,Tamil Nadu,Ariyalur,,,2025,,,,,,,"{""state"": ""Tamil Nadu"", ""district"": ""Ariyalur"", ""block"": ""Andimadam"", ""village"": ""Alagapuram"", ""year"": ""2025""}","{""district"": ""Ariyalur"", ""block"": ""Andimadam"", ""village"": ""Alagapuram"", ""year"": 2025, ""wqi"": {""class"": ""Unfit"", ""value"": 81.0, ""range"": [81.0, 84.8]}, ""hhi"": {""class"": ""High"", ""value"": 2.18, ""range"": [1.88, 2.48]}, ""trend"": [{""year"": 2020, ""wqi_value"": 70.09, ""hhi_value"": 1.99, ""wqi_class"": ""Poor"", ""hhi_class"": ""High""}, {""year"": 2021, ""wqi_value"": 24.44, ""hhi_value"": 1.33, ""wqi_class"": ""Good"", ""hhi_class"": ""Medium""}, {""year"": 2022, ""wqi_value"": 89.8, ""hhi_value"": 1.65, ""wqi_class"": ""Unfit"", ""hhi_class"": ""High""}, {""year"": 2023, ""wqi_value"": 73.9, ""hhi_value"": 2.4, ""wqi_class"": ""Poor"", ""hhi_class"": ""High""}, {""year"": 2024, ""wqi_value"": 81.1, ""hhi_value"": 0.84, ""wqi_class"": ""Unfit"", ""hhi_class"": ""Low""}, {""year"": 2025, ""wqi_value"": 81.0, ""hhi_value"": 2.18, ""wqi_class"": ""Unfit"", ""hhi_class"": ""High""}, {""year"": 2026, ""wqi_value"": 52.48, ""hhi_value"": 1.0, ""wqi_class"": ""Moderate"", ""hhi_class"": ""Low""}, {""year"": 2027, ""wqi_value"": 61.81, ""hhi_value"": 2.98, ""wqi_class"": ""Poor"", ""hhi_class"": ""High""}, {""year"": 2028, ""wqi_value"": 67.44, ""hhi_value"": 0.37, ""wqi_class"": ""Poor"", ""hhi_class"": ""Low""}, {""year"": 2029, ""wqi_value"": 8.27, ""hhi_value"": 1.72, ""wqi_class"": ""Good"", ""hhi_class"": ""High""}, {""year"": 2030, ""wqi_value"": 75.08, ""hhi_value"": 2.21, ""wqi_class"": ""Poor"", ""hhi_class"": ""High""}]}"
2026-02-17T13:15:20.049797+00:00,predict_client,Tamil Nadu,Ariyalur,,,2025,,,,,,,"{""state"": ""Tamil Nadu"", ""district"": ""Ariyalur"", ""block"": ""Andimadam"", ""village"": ""Alagapuram"", ""year"": ""2025""}",
2026-02-17T13:15:25.935265+00:00,predict_success,Tamil Nadu,Ariyalur,,,2025,,,,,,,"{""state"": ""Tamil Nadu"", ""district"": ""Ariyalur"", ""block"": ""Andimadam"", ""village"": ""Alagapuram"", ""year"": ""2025""}","{""district"": ""Ariyalur"", ""block"": ""Andimadam"", ""village"": ""Alagapuram"", ""year"": 2025, ""wqi"": {""class"": ""Unfit"", ""value"": 81.0, ""range"": [81.0, 84.8]}, ""hhi"": {""class"": ""High"", ""value"": 2.18, ""range"": [1.88, 2.48]}, ""trend"": [{""year"": 2020, ""wqi_value"": 70.09, ""hhi_value"": 1.99, ""wqi_class"": ""Poor"", ""hhi_class"": ""High""}, {""year"": 2021, ""wqi_value"": 24.44, ""hhi_value"": 1.33, ""wqi_class"": ""Good"", ""hhi_class"": ""Medium""}, {""year"": 2022, ""wqi_value"": 89.8, ""hhi_value"": 1.65, ""wqi_class"": ""Unfit"", ""hhi_class"": ""High""}, {""year"": 2023, ""wqi_value"": 73.9, ""hhi_value"": 2.4, ""wqi_class"": ""Poor"", ""hhi_class"": ""High""}, {""year"": 2024, ""wqi_value"": 81.1, ""hhi_value"": 0.84, ""wqi_class"": ""Unfit"", ""hhi_class"": ""Low""}, {""year"": 2025, ""wqi_value"": 81.0, ""hhi_value"": 2.18, ""wqi_class"": ""Unfit"", ""hhi_class"": ""High""}, {""year"": 2026, ""wqi_value"": 52.48, ""hhi_value"": 1.0, ""wqi_class"": ""Moderate"", ""hhi_class"": ""Low""}, {""year"": 2027, ""wqi_value"": 61.81, ""hhi_value"": 2.98, ""wqi_class"": ""Poor"", ""hhi_class"": ""High""}, {""year"": 2028, ""wqi_value"": 67.44, ""hhi_value"": 0.37, ""wqi_class"": ""Poor"", ""hhi_class"": ""Low""}, {""year"": 2029, ""wqi_value"": 8.27, ""hhi_value"": 1.72, ""wqi_class"": ""Good"", ""hhi_class"": ""High""}, {""year"": 2030, ""wqi_value"": 75.08, ""hhi_value"": 2.21, ""wqi_class"": ""Poor"", ""hhi_class"": ""High""}]}"
2026-02-17T13:15:27.144652+00:00,predict_client,Tamil Nadu,Ariyalur,,,2025,,,,,,,"{""state"": ""Tamil Nadu"", ""district"": ""Ariyalur"", ""block"": ""Andimadam"", ""village"": ""Alagapuram"", ""year"": ""2025""}",
2026-02-17T13:16:40.701130+00:00,predict_success,Tamil Nadu,Ariyalur,,,2025,,,,,,,"{""state"": ""Tamil Nadu"", ""district"": ""Ariyalur"", ""block"": ""Andimadam"", ""village"": ""Alagapuram"", ""year"": ""2025""}","{""district"": ""Ariyalur"", ""block"": ""Andimadam"", ""village"": ""Alagapuram"", ""year"": 2025, ""wqi"": {""class"": ""Unfit"", ""value"": 81.0, ""range"": [81.0, 84.8]}, ""hhi"": {""class"": ""High"", ""value"": 2.18, ""range"": [1.88, 2.48]}, ""trend"": [{""year"": 2020, ""wqi_value"": 70.09, ""hhi_value"": 1.99, ""wqi_class"": ""Poor"", ""hhi_class"": ""High""}, {""year"": 2021, ""wqi_value"": 24.44, ""hhi_value"": 1.33, ""wqi_class"": ""Good"", ""hhi_class"": ""Medium""}, {""year"": 2022, ""wqi_value"": 89.8, ""hhi_value"": 1.65, ""wqi_class"": ""Unfit"", ""hhi_class"": ""High""}, {""year"": 2023, ""wqi_value"": 73.9, ""hhi_value"": 2.4, ""wqi_class"": ""Poor"", ""hhi_class"": ""High""}, {""year"": 2024, ""wqi_value"": 81.1, ""hhi_value"": 0.84, ""wqi_class"": ""Unfit"", ""hhi_class"": ""Low""}, {""year"": 2025, ""wqi_value"": 81.0, ""hhi_value"": 2.18, ""wqi_class"": ""Unfit"", ""hhi_class"": ""High""}, {""year"": 2026, ""wqi_value"": 52.48, ""hhi_value"": 1.0, ""wqi_class"": ""Moderate"", ""hhi_class"": ""Low""}, {""year"": 2027, ""wqi_value"": 61.81, ""hhi_value"": 2.98, ""wqi_class"": ""Poor"", ""hhi_class"": ""High""}, {""year"": 2028, ""wqi_value"": 67.44, ""hhi_value"": 0.37, ""wqi_class"": ""Poor"", ""hhi_class"": ""Low""}, {""year"": 2029, ""wqi_value"": 8.27, ""hhi_value"": 1.72, ""wqi_class"": ""Good"", ""hhi_class"": ""High""}, {""year"": 2030, ""wqi_value"": 75.08, ""hhi_value"": 2.21, ""wqi_class"": ""Poor"", ""hhi_class"": ""High""}]}"
2026-02-17T13:16:41.912870+00:00,predict_client,Tamil Nadu,Ariyalur,,,2025,,,,,,,"{""state"": ""Tamil Nadu"", ""district"": ""Ariyalur"", ""block"": ""Andimadam"", ""village"": ""Alagapuram"", ""year"": ""2025""}",
2026-02-17T13:22:52.917365+00:00,predict_success,Tamil Nadu,Ariyalur,,,2025,,,,,,,"{""state"": ""Tamil Nadu"", ""district"": ""Ariyalur"", ""block"": ""Andimadam"", ""village"": ""Alagapuram"", ""year"": ""2025""}","{""district"": ""Ariyalur"", ""block"": ""Andimadam"", ""village"": ""Alagapuram"", ""year"": 2025, ""wqi"": {""class"": ""Good"", ""value"": 19.87, ""range"": [11.07, 28.67]}, ""hhi"": {""class"": ""Low"", ""value"": 0.26, ""range"": [0.06, 0.46]}, ""trend"": [{""year"": 2020, ""wqi_value"": 33.36, ""hhi_value"": 2.54, ""wqi_class"": ""Good"", ""hhi_class"": ""High""}, {""year"": 2021, ""wqi_value"": 80.0, ""hhi_value"": 0.79, ""wqi_class"": ""Poor"", ""hhi_class"": ""Low""}, {""year"": 2022, ""wqi_value"": 3.79, ""hhi_value"": 2.08, ""wqi_class"": ""Good"", ""hhi_class"": ""High""}, {""year"": 2023, ""wqi_value"": 20.41, ""hhi_value"": 1.87, ""wqi_class"": ""Good"", ""hhi_class"": ""High""}, {""year"": 2024, ""wqi_value"": 4.52, ""hhi_value"": 1.55, ""wqi_class"": ""Good"", ""hhi_class"": ""High""}, {""year"": 2025, ""wqi_value"": 19.87, ""hhi_value"": 0.26, ""wqi_class"": ""Good"", ""hhi_class"": ""Low""}, {""year"": 2026, ""wqi_value"": 41.63, ""hhi_value"": 2.39, ""wqi_class"": ""Good"", ""hhi_class"": ""High""}, {""year"": 2027, ""wqi_value"": 96.18, ""hhi_value"": 1.31, ""wqi_class"": ""Unfit"", ""hhi_class"": ""Medium""}, {""year"": 2028, ""wqi_value"": 90.35, ""hhi_value"": 2.14, ""wqi_class"": ""Unfit"", ""hhi_class"": ""High""}, {""year"": 2029, ""wqi_value"": 51.33, ""hhi_value"": 3.0, ""wqi_class"": ""Moderate"", ""hhi_class"": ""High""}, {""year"": 2030, ""wqi_value"": 77.02, ""hhi_value"": 2.81, ""wqi_class"": ""Poor"", ""hhi_class"": ""High""}]}"
2026-02-17T13:22:54.142066+00:00,predict_client,Tamil Nadu,Ariyalur,,,2025,,,,,,,"{""state"": ""Tamil Nadu"", ""district"": ""Ariyalur"", ""block"": ""Andimadam"", ""village"": ""Alagapuram"", ""year"": ""2025""}",
2026-02-17T13:22:58.772445+00:00,predict_success,Tamil Nadu,Ariyalur,,,2025,,,,,,,"{""state"": ""Tamil Nadu"", ""district"": ""Ariyalur"", ""block"": ""Andimadam"", ""village"": ""Alagapuram"", ""year"": ""2025""}","{""district"": ""Ariyalur"", ""block"": ""Andimadam"", ""village"": ""Alagapuram"", ""year"": 2025, ""wqi"": {""class"": ""Good"", ""value"": 19.87, ""range"": [11.07, 28.67]}, ""hhi"": {""class"": ""Low"", ""value"": 0.26, ""range"": [0.06, 0.46]}, ""trend"": [{""year"": 2020, ""wqi_value"": 33.36, ""hhi_value"": 2.54, ""wqi_class"": ""Good"", ""hhi_class"": ""High""}, {""year"": 2021, ""wqi_value"": 80.0, ""hhi_value"": 0.79, ""wqi_class"": ""Poor"", ""hhi_class"": ""Low""}, {""year"": 2022, ""wqi_value"": 3.79, ""hhi_value"": 2.08, ""wqi_class"": ""Good"", ""hhi_class"": ""High""}, {""year"": 2023, ""wqi_value"": 20.41, ""hhi_value"": 1.87, ""wqi_class"": ""Good"", ""hhi_class"": ""High""}, {""year"": 2024, ""wqi_value"": 4.52, ""hhi_value"": 1.55, ""wqi_class"": ""Good"", ""hhi_class"": ""High""}, {""year"": 2025, ""wqi_value"": 19.87, ""hhi_value"": 0.26, ""wqi_class"": ""Good"", ""hhi_class"": ""Low""}, {""year"": 2026, ""wqi_value"": 41.63, ""hhi_value"": 2.39, ""wqi_class"": ""Good"", ""hhi_class"": ""High""}, {""year"": 2027, ""wqi_value"": 96.18, ""hhi_value"": 1.31, ""wqi_class"": ""Unfit"", ""hhi_class"": ""Medium""}, {""year"": 2028, ""wqi_value"": 90.35, ""hhi_value"": 2.14, ""wqi_class"": ""Unfit"", ""hhi_class"": ""High""}, {""year"": 2029, ""wqi_value"": 51.33, ""hhi_value"": 3.0, ""wqi_class"": ""Moderate"", ""hhi_class"": ""High""}, {""year"": 2030, ""wqi_value"": 77.02, ""hhi_value"": 2.81, ""wqi_class"": ""Poor"", ""hhi_class"": ""High""}]}"
2026-02-17T13:22:59.987835+00:00,predict_client,Tamil Nadu,Ariyalur,,,2025,,,,,,,"{""state"": ""Tamil Nadu"", ""district"": ""Ariyalur"", ""block"": ""Andimadam"", ""village"": ""Alagapuram"", ""year"": ""2025""}",
2026-02-17T13:27:38.832894+00:00,predict_success,Tamil Nadu,Ariyalur,,,2025,,,,,,,"{""state"": ""Tamil Nadu"", ""district"": ""Ariyalur"", ""block"": ""Andimadam"", ""village"": ""Alagapuram"", ""year"": ""2025""}","{""district"": ""Ariyalur"", ""block"": ""Andimadam"", ""village"": ""Alagapuram"", ""year"": 2025, ""wqi"": {""class"": ""Unfit"", ""value"": 84.61, ""range"": [81.0, 88.41]}, ""hhi"": {""class"": ""High"", ""value"": 2.54, ""range"": [2.24, 2.84]}, ""trend"": [{""year"": 2020, ""wqi_value"": 84.47, ""hhi_value"": 2.53, ""wqi_class"": ""Unfit"", ""hhi_class"": ""High""}, {""year"": 2021, ""wqi_value"": 84.5, ""hhi_value"": 2.54, ""wqi_class"": ""Unfit"", ""hhi_class"": ""High""}, {""year"": 2022, ""wqi_value"": 84.53, ""hhi_value"": 2.54, ""wqi_class"": ""Unfit"", ""hhi_class"": ""High""}, {""year"": 2023, ""wqi_value"": 84.56, ""hhi_value"": 2.54, ""wqi_class"": ""Unfit"", ""hhi_class"": ""High""}, {""year"": 2024, ""wqi_value"": 84.59, ""hhi_value"": 2.54, ""wqi_class"": ""Unfit"", ""hhi_class"": ""High""}, {""year"": 2025, ""wqi_value"": 84.61, ""hhi_value"": 2.54, ""wqi_class"": ""Unfit"", ""hhi_class"": ""High""}, {""year"": 2026, ""wqi_value"": 84.64, ""hhi_value"": 2.54, ""wqi_class"": ""Unfit"", ""hhi_class"": ""High""}, {""year"": 2027, ""wqi_value"": 84.67, ""hhi_value"": 2.54, ""wqi_class"": ""Unfit"", ""hhi_class"": ""High""}, {""year"": 2028, ""wqi_value"": 84.7, ""hhi_value"": 2.54, ""wqi_class"": ""Unfit"", ""hhi_class"": ""High""}, {""year"": 2029, ""wqi_value"": 84.73, ""hhi_value"": 2.54, ""wqi_class"": ""Unfit"", ""hhi_class"": ""High""}, {""year"": 2030, ""wqi_value"": 84.76, ""hhi_value"": 2.54, ""wqi_class"": ""Unfit"", ""hhi_class"": ""High""}]}"
2026-02-17T13:27:43.595556+00:00,predict_client,Tamil Nadu,Ariyalur,,,2025,,,,,,,"{""state"": ""Tamil Nadu"", ""district"": ""Ariyalur"", ""block"": ""Andimadam"", ""village"": ""Alagapuram"", ""year"": ""2025""}",
2026-02-17T13:36:59.303326+00:00,predict_success,Tamil Nadu,Ariyalur,Andimadam,Alagapuram,2025,84.61,Unfit,81.0-88.41,2.54,High,2.24-2.84,"{""state"": ""Tamil Nadu"", ""district"": ""Ariyalur"", ""block"": ""Andimadam"", ""village"": ""Alagapuram"", ""year"": ""2025""}","{""district"": ""Ariyalur"", ""block"": ""Andimadam"", ""village"": ""Alagapuram"", ""year"": 2025, ""wqi"": {""class"": ""Unfit"", ""value"": 84.61, ""range"": [81.0, 88.41]}, ""hhi"": {""class"": ""High"", ""value"": 2.54, ""range"": [2.24, 2.84]}, ""trend"": [{""year"": 2020, ""wqi_value"": 84.47, ""hhi_value"": 2.53, ""wqi_class"": ""Unfit"", ""hhi_class"": ""High""}, {""year"": 2021, ""wqi_value"": 84.5, ""hhi_value"": 2.54, ""wqi_class"": ""Unfit"", ""hhi_class"": ""High""}, {""year"": 2022, ""wqi_value"": 84.53, ""hhi_value"": 2.54, ""wqi_class"": ""Unfit"", ""hhi_class"": ""High""}, {""year"": 2023, ""wqi_value"": 84.56, ""hhi_value"": 2.54, ""wqi_class"": ""Unfit"", ""hhi_class"": ""High""}, {""year"": 2024, ""wqi_value"": 84.59, ""hhi_value"": 2.54, ""wqi_class"": ""Unfit"", ""hhi_class"": ""High""}, {""year"": 2025, ""wqi_value"": 84.61, ""hhi_value"": 2.54, ""wqi_class"": ""Unfit"", ""hhi_class"": ""High""}, {""year"": 2026, ""wqi_value"": 84.64, ""hhi_value"": 2.54, ""wqi_class"": ""Unfit"", ""hhi_class"": ""High""}, {""year"": 2027, ""wqi_value"": 84.67, ""hhi_value"": 2.54, ""wqi_class"": ""Unfit"", ""hhi_class"": ""High""}, {""year"": 2028, ""wqi_value"": 84.7, ""hhi_value"": 2.54, ""wqi_class"": ""Unfit"", ""hhi_class"": ""High""}, {""year"": 2029, ""wqi_value"": 84.73, ""hhi_value"": 2.54, ""wqi_class"": ""Unfit"", ""hhi_class"": ""High""}, {""year"": 2030, ""wqi_value"": 84.76, ""hhi_value"": 2.54, ""wqi_class"": ""Unfit"", ""hhi_class"": ""High""}]}"
2026-02-17T13:37:00.516528+00:00,predict_client,Tamil Nadu,Ariyalur,Andimadam,Alagapuram,2025,,,,,,,"{""state"": ""Tamil Nadu"", ""district"": ""Ariyalur"", ""block"": ""Andimadam"", ""village"": ""Alagapuram"", ""year"": ""2025""}",
2026-02-17T13:37:24.043531+00:00,predict_success,Tamil Nadu,Ariyalur,Andimadam,Alagapuram,2025,84.61,Unfit,81.0-88.41,2.54,High,2.24-2.84,"{""state"": ""Tamil Nadu"", ""district"": ""Ariyalur"", ""block"": ""Andimadam"", ""village"": ""Alagapuram"", ""year"": ""2025""}","{""district"": ""Ariyalur"", ""block"": ""Andimadam"", ""village"": ""Alagapuram"", ""year"": 2025, ""wqi"": {""class"": ""Unfit"", ""value"": 84.61, ""range"": [81.0, 88.41]}, ""hhi"": {""class"": ""High"", ""value"": 2.54, ""range"": [2.24, 2.84]}, ""trend"": [{""year"": 2020, ""wqi_value"": 84.47, ""hhi_value"": 2.53, ""wqi_class"": ""Unfit"", ""hhi_class"": ""High""}, {""year"": 2021, ""wqi_value"": 84.5, ""hhi_value"": 2.54, ""wqi_class"": ""Unfit"", ""hhi_class"": ""High""}, {""year"": 2022, ""wqi_value"": 84.53, ""hhi_value"": 2.54, ""wqi_class"": ""Unfit"", ""hhi_class"": ""High""}, {""year"": 2023, ""wqi_value"": 84.56, ""hhi_value"": 2.54, ""wqi_class"": ""Unfit"", ""hhi_class"": ""High""}, {""year"": 2024, ""wqi_value"": 84.59, ""hhi_value"": 2.54, ""wqi_class"": ""Unfit"", ""hhi_class"": ""High""}, {""year"": 2025, ""wqi_value"": 84.61, ""hhi_value"": 2.54, ""wqi_class"": ""Unfit"", ""hhi_class"": ""High""}, {""year"": 2026, ""wqi_value"": 84.64, ""hhi_value"": 2.54, ""wqi_class"": ""Unfit"", ""hhi_class"": ""High""}, {""year"": 2027, ""wqi_value"": 84.67, ""hhi_value"": 2.54, ""wqi_class"": ""Unfit"", ""hhi_class"": ""High""}, {""year"": 2028, ""wqi_value"": 84.7, ""hhi_value"": 2.54, ""wqi_class"": ""Unfit"", ""hhi_class"": ""High""}, {""year"": 2029, ""wqi_value"": 84.73, ""hhi_value"": 2.54, ""wqi_class"": ""Unfit"", ""hhi_class"": ""High""}, {""year"": 2030, ""wqi_value"": 84.76, ""hhi_value"": 2.54, ""wqi_class"": ""Unfit"", ""hhi_class"": ""High""}]}"
2026-02-17T13:37:25.279052+00:00,predict_client,Tamil Nadu,Ariyalur,Andimadam,Alagapuram,2025,,,,,,,"{""state"": ""Tamil Nadu"", ""district"": ""Ariyalur"", ""block"": ""Andimadam"", ""village"": ""Alagapuram"", ""year"": ""2025""}",
2026-02-17T13:37:55.361478+00:00,predict_success,Tamil Nadu,Ariyalur,Andimadam,Alagapuram,2025,84.61,Unfit,81.0-88.41,2.54,High,2.24-2.84,"{""state"": ""Tamil Nadu"", ""district"": ""Ariyalur"", ""block"": ""Andimadam"", ""village"": ""Alagapuram"", ""year"": ""2025""}","{""district"": ""Ariyalur"", ""block"": ""Andimadam"", ""village"": ""Alagapuram"", ""year"": 2025, ""wqi"": {""class"": ""Unfit"", ""value"": 84.61, ""range"": [81.0, 88.41]}, ""hhi"": {""class"": ""High"", ""value"": 2.54, ""range"": [2.24, 2.84]}, ""trend"": [{""year"": 2020, ""wqi_value"": 84.47, ""hhi_value"": 2.53, ""wqi_class"": ""Unfit"", ""hhi_class"": ""High""}, {""year"": 2021, ""wqi_value"": 84.5, ""hhi_value"": 2.54, ""wqi_class"": ""Unfit"", ""hhi_class"": ""High""}, {""year"": 2022, ""wqi_value"": 84.53, ""hhi_value"": 2.54, ""wqi_class"": ""Unfit"", ""hhi_class"": ""High""}, {""year"": 2023, ""wqi_value"": 84.56, ""hhi_value"": 2.54, ""wqi_class"": ""Unfit"", ""hhi_class"": ""High""}, {""year"": 2024, ""wqi_value"": 84.59, ""hhi_value"": 2.54, ""wqi_class"": ""Unfit"", ""hhi_class"": ""High""}, {""year"": 2025, ""wqi_value"": 84.61, ""hhi_value"": 2.54, ""wqi_class"": ""Unfit"", ""hhi_class"": ""High""}, {""year"": 2026, ""wqi_value"": 84.64, ""hhi_value"": 2.54, ""wqi_class"": ""Unfit"", ""hhi_class"": ""High""}, {""year"": 2027, ""wqi_value"": 84.67, ""hhi_value"": 2.54, ""wqi_class"": ""Unfit"", ""hhi_class"": ""High""}, {""year"": 2028, ""wqi_value"": 84.7, ""hhi_value"": 2.54, ""wqi_class"": ""Unfit"", ""hhi_class"": ""High""}, {""year"": 2029, ""wqi_value"": 84.73, ""hhi_value"": 2.54, ""wqi_class"": ""Unfit"", ""hhi_class"": ""High""}, {""year"": 2030, ""wqi_value"": 84.76, ""hhi_value"": 2.54, ""wqi_class"": ""Unfit"", ""hhi_class"": ""High""}]}"
2026-02-17T13:38:08.689457+00:00,predict_success,Tamil Nadu,Ariyalur,Andimadam,Alagapuram,2025,84.61,Unfit,81.0-88.41,2.54,High,2.24-2.84,"{""state"": ""Tamil Nadu"", ""district"": ""Ariyalur"", ""block"": ""Andimadam"", ""village"": ""Alagapuram"", ""year"": ""2025""}","{""district"": ""Ariyalur"", ""block"": ""Andimadam"", ""village"": ""Alagapuram"", ""year"": 2025, ""wqi"": {""class"": ""Unfit"", ""value"": 84.61, ""range"": [81.0, 88.41]}, ""hhi"": {""class"": ""High"", ""value"": 2.54, ""range"": [2.24, 2.84]}, ""trend"": [{""year"": 2020, ""wqi_value"": 84.47, ""hhi_value"": 2.53, ""wqi_class"": ""Unfit"", ""hhi_class"": ""High""}, {""year"": 2021, ""wqi_value"": 84.5, ""hhi_value"": 2.54, ""wqi_class"": ""Unfit"", ""hhi_class"": ""High""}, {""year"": 2022, ""wqi_value"": 84.53, ""hhi_value"": 2.54, ""wqi_class"": ""Unfit"", ""hhi_class"": ""High""}, {""year"": 2023, ""wqi_value"": 84.56, ""hhi_value"": 2.54, ""wqi_class"": ""Unfit"", ""hhi_class"": ""High""}, {""year"": 2024, ""wqi_value"": 84.59, ""hhi_value"": 2.54, ""wqi_class"": ""Unfit"", ""hhi_class"": ""High""}, {""year"": 2025, ""wqi_value"": 84.61, ""hhi_value"": 2.54, ""wqi_class"": ""Unfit"", ""hhi_class"": ""High""}, {""year"": 2026, ""wqi_value"": 84.64, ""hhi_value"": 2.54, ""wqi_class"": ""Unfit"", ""hhi_class"": ""High""}, {""year"": 2027, ""wqi_value"": 84.67, ""hhi_value"": 2.54, ""wqi_class"": ""Unfit"", ""hhi_class"": ""High""}, {""year"": 2028, ""wqi_value"": 84.7, ""hhi_value"": 2.54, ""wqi_class"": ""Unfit"", ""hhi_class"": ""High""}, {""year"": 2029, ""wqi_value"": 84.73, ""hhi_value"": 2.54, ""wqi_class"": ""Unfit"", ""hhi_class"": ""High""}, {""year"": 2030, ""wqi_value"": 84.76, ""hhi_value"": 2.54, ""wqi_class"": ""Unfit"", ""hhi_class"": ""High""}]}"
2026-02-17T13:38:09.913564+00:00,predict_client,Tamil Nadu,Ariyalur,Andimadam,Alagapuram,2025,,,,,,,"{""state"": ""Tamil Nadu"", ""district"": ""Ariyalur"", ""block"": ""Andimadam"", ""village"": ""Alagapuram"", ""year"": ""2025""}",
2026-02-17T13:38:40.209777+00:00,predict_success,Tamil Nadu,Ariyalur,Andimadam,Alagapuram,2025,84.61,Unfit,81.0-88.41,2.54,High,2.24-2.84,"{""state"": ""Tamil Nadu"", ""district"": ""Ariyalur"", ""block"": ""Andimadam"", ""village"": ""Alagapuram"", ""year"": ""2025""}","{""district"": ""Ariyalur"", ""block"": ""Andimadam"", ""village"": ""Alagapuram"", ""year"": 2025, ""wqi"": {""class"": ""Unfit"", ""value"": 84.61, ""range"": [81.0, 88.41]}, ""hhi"": {""class"": ""High"", ""value"": 2.54, ""range"": [2.24, 2.84]}, ""trend"": [{""year"": 2020, ""wqi_value"": 84.47, ""hhi_value"": 2.53, ""wqi_class"": ""Unfit"", ""hhi_class"": ""High""}, {""year"": 2021, ""wqi_value"": 84.5, ""hhi_value"": 2.54, ""wqi_class"": ""Unfit"", ""hhi_class"": ""High""}, {""year"": 2022, ""wqi_value"": 84.53, ""hhi_value"": 2.54, ""wqi_class"": ""Unfit"", ""hhi_class"": ""High""}, {""year"": 2023, ""wqi_value"": 84.56, ""hhi_value"": 2.54, ""wqi_class"": ""Unfit"", ""hhi_class"": ""High""}, {""year"": 2024, ""wqi_value"": 84.59, ""hhi_value"": 2.54, ""wqi_class"": ""Unfit"", ""hhi_class"": ""High""}, {""year"": 2025, ""wqi_value"": 84.61, ""hhi_value"": 2.54, ""wqi_class"": ""Unfit"", ""hhi_class"": ""High""}, {""year"": 2026, ""wqi_value"": 84.64, ""hhi_value"": 2.54, ""wqi_class"": ""Unfit"", ""hhi_class"": ""High""}, {""year"": 2027, ""wqi_value"": 84.67, ""hhi_value"": 2.54, ""wqi_class"": ""Unfit"", ""hhi_class"": ""High""}, {""year"": 2028, ""wqi_value"": 84.7, ""hhi_value"": 2.54, ""wqi_class"": ""Unfit"", ""hhi_class"": ""High""}, {""year"": 2029, ""wqi_value"": 84.73, ""hhi_value"": 2.54, ""wqi_class"": ""Unfit"", ""hhi_class"": ""High""}, {""year"": 2030, ""wqi_value"": 84.76, ""hhi_value"": 2.54, ""wqi_class"": ""Unfit"", ""hhi_class"": ""High""}]}"
2026-02-17T13:38:42.125445+00:00,predict_client,Tamil Nadu,Ariyalur,Andimadam,Alagapuram,2025,,,,,,,"{""state"": ""Tamil Nadu"", ""district"": ""Ariyalur"", ""block"": ""Andimadam"", ""village"": ""Alagapuram"", ""year"": ""2025""}",
2026-02-17T13:44:40.467820+00:00,predict_success,Tamil Nadu,Ariyalur,Andimadam,Alagapuram,2025,85.66,Unfit,81.86-89.46,2.51,High,2.21-2.81,"{""state"": ""Tamil Nadu"", ""district"": ""Ariyalur"", ""block"": ""Andimadam"", ""village"": ""Alagapuram"", ""year"": ""2025""}","{""district"": ""Ariyalur"", ""block"": ""Andimadam"", ""village"": ""Alagapuram"", ""year"": 2025, ""wqi"": {""class"": ""Unfit"", ""value"": 85.66, ""range"": [81.86, 89.46]}, ""hhi"": {""class"": ""High"", ""value"": 2.51, ""range"": [2.21, 2.81]}, ""trend"": [{""year"": 2020, ""wqi_value"": 83.02, ""hhi_value"": 2.41, ""wqi_class"": ""Unfit"", ""hhi_class"": ""High""}, {""year"": 2021, ""wqi_value"": 85.14, ""hhi_value"": 2.65, ""wqi_class"": ""Unfit"", ""hhi_class"": ""High""}, {""year"": 2022, ""wqi_value"": 83.33, ""hhi_value"": 2.66, ""wqi_class"": ""Unfit"", ""hhi_class"": ""High""}, {""year"": 2023, ""wqi_value"": 86.38, ""hhi_value"": 2.72, ""wqi_class"": ""Unfit"", ""hhi_class"": ""High""}, {""year"": 2024, ""wqi_value"": 82.94, ""hhi_value"": 2.5, ""wqi_class"": ""Unfit"", ""hhi_class"": ""High""}, {""year"": 2025, ""wqi_value"": 85.66, ""hhi_value"": 2.51, ""wqi_class"": ""Unfit"", ""hhi_class"": ""High""}, {""year"": 2026, ""wqi_value"": 86.68, ""hhi_value"": 2.59, ""wqi_class"": ""Unfit"", ""hhi_class"": ""High""}, {""year"": 2027, ""wqi_value"": 86.31, ""hhi_value"": 2.49, ""wqi_class"": ""Unfit"", ""hhi_class"": ""High""}, {""year"": 2028, ""wqi_value"": 83.4, ""hhi_value"": 2.58, ""wqi_class"": ""Unfit"", ""hhi_class"": ""High""}, {""year"": 2029, ""wqi_value"": 83.34, ""hhi_value"": 2.74, ""wqi_class"": ""Unfit"", ""hhi_class"": ""High""}, {""year"": 2030, ""wqi_value"": 86.75, ""hhi_value"": 2.61, ""wqi_class"": ""Unfit"", ""hhi_class"": ""High""}]}"
2026-02-17T13:44:41.700813+00:00,predict_client,Tamil Nadu,Ariyalur,Andimadam,Alagapuram,2025,,,,,,,"{""state"": ""Tamil Nadu"", ""district"": ""Ariyalur"", ""block"": ""Andimadam"", ""village"": ""Alagapuram"", ""year"": ""2025""}",
2026-02-17T13:45:22.755159+00:00,predict_success,Tamil Nadu,Kancheepuram,Uthiramerur,Salavakkam,2025,84.42,Unfit,81.0-88.22,2.35,High,2.05-2.65,"{""state"": ""Tamil Nadu"", ""district"": ""Kancheepuram"", ""block"": ""Uthiramerur"", ""village"": ""Salavakkam"", ""year"": ""2025""}","{""district"": ""Kancheepuram"", ""block"": ""Uthiramerur"", ""village"": ""Salavakkam"", ""year"": 2025, ""wqi"": {""class"": ""Unfit"", ""value"": 84.42, ""range"": [81.0, 88.22]}, ""hhi"": {""class"": ""High"", ""value"": 2.35, ""range"": [2.05, 2.65]}, ""trend"": [{""year"": 2020, ""wqi_value"": 86.26, ""hhi_value"": 2.33, ""wqi_class"": ""Unfit"", ""hhi_class"": ""High""}, {""year"": 2021, ""wqi_value"": 85.23, ""hhi_value"": 2.32, ""wqi_class"": ""Unfit"", ""hhi_class"": ""High""}, {""year"": 2022, ""wqi_value"": 85.09, ""hhi_value"": 2.65, ""wqi_class"": ""Unfit"", ""hhi_class"": ""High""}, {""year"": 2023, ""wqi_value"": 81.82, ""hhi_value"": 2.56, ""wqi_class"": ""Unfit"", ""hhi_class"": ""High""}, {""year"": 2024, ""wqi_value"": 83.06, ""hhi_value"": 2.66, ""wqi_class"": ""Unfit"", ""hhi_class"": ""High""}, {""year"": 2025, ""wqi_value"": 84.42, ""hhi_value"": 2.35, ""wqi_class"": ""Unfit"", ""hhi_class"": ""High""}, {""year"": 2026, ""wqi_value"": 84.61, ""hhi_value"": 2.61, ""wqi_class"": ""Unfit"", ""hhi_class"": ""High""}, {""year"": 2027, ""wqi_value"": 82.03, ""hhi_value"": 2.75, ""wqi_class"": ""Unfit"", ""hhi_class"": ""High""}, {""year"": 2028, ""wqi_value"": 84.96, ""hhi_value"": 2.62, ""wqi_class"": ""Unfit"", ""hhi_class"": ""High""}, {""year"": 2029, ""wqi_value"": 83.51, ""hhi_value"": 2.58, ""wqi_class"": ""Unfit"", ""hhi_class"": ""High""}, {""year"": 2030, ""wqi_value"": 85.81, ""hhi_value"": 2.4, ""wqi_class"": ""Unfit"", ""hhi_class"": ""High""}]}"
2026-02-17T13:45:23.987949+00:00,predict_client,Tamil Nadu,Kancheepuram,Uthiramerur,Salavakkam,2025,,,,,,,"{""state"": ""Tamil Nadu"", ""district"": ""Kancheepuram"", ""block"": ""Uthiramerur"", ""village"": ""Salavakkam"", ""year"": ""2025""}",
2026-02-17T13:45:47.853418+00:00,predict_success,Tamil Nadu,Kancheepuram,Uthiramerur,Salavakkam,2041,84.5,Unfit,81.0-88.3,2.52,High,2.22-2.82,"{""state"": ""Tamil Nadu"", ""district"": ""Kancheepuram"", ""block"": ""Uthiramerur"", ""village"": ""Salavakkam"", ""year"": ""2041""}","{""district"": ""Kancheepuram"", ""block"": ""Uthiramerur"", ""village"": ""Salavakkam"", ""year"": 2041, ""wqi"": {""class"": ""Unfit"", ""value"": 84.5, ""range"": [81.0, 88.3]}, ""hhi"": {""class"": ""High"", ""value"": 2.52, ""range"": [2.22, 2.82]}, ""trend"": [{""year"": 2036, ""wqi_value"": 82.51, ""hhi_value"": 2.51, ""wqi_class"": ""Unfit"", ""hhi_class"": ""High""}, {""year"": 2037, ""wqi_value"": 84.95, ""hhi_value"": 2.76, ""wqi_class"": ""Unfit"", ""hhi_class"": ""High""}, {""year"": 2038, ""wqi_value"": 86.16, ""hhi_value"": 2.45, ""wqi_class"": ""Unfit"", ""hhi_class"": ""High""}, {""year"": 2039, ""wqi_value"": 87.63, ""hhi_value"": 2.34, ""wqi_class"": ""Unfit"", ""hhi_class"": ""High""}, {""year"": 2040, ""wqi_value"": 84.3, ""hhi_value"": 2.51, ""wqi_class"": ""Unfit"", ""hhi_class"": ""High""}, {""year"": 2041, ""wqi_value"": 84.5, ""hhi_value"": 2.52, ""wqi_class"": ""Unfit"", ""hhi_class"": ""High""}, {""year"": 2042, ""wqi_value"": 83.41, ""hhi_value"": 2.54, ""wqi_class"": ""Unfit"", ""hhi_class"": ""High""}, {""year"": 2043, ""wqi_value"": 85.95, ""hhi_value"": 2.66, ""wqi_class"": ""Unfit"", ""hhi_class"": ""High""}, {""year"": 2044, ""wqi_value"": 85.14, ""hhi_value"": 2.33, ""wqi_class"": ""Unfit"", ""hhi_class"": ""High""}, {""year"": 2045, ""wqi_value"": 87.74, ""hhi_value"": 2.36, ""wqi_class"": ""Unfit"", ""hhi_class"": ""High""}, {""year"": 2046, ""wqi_value"": 83.81, ""hhi_value"": 2.63, ""wqi_class"": ""Unfit"", ""hhi_class"": ""High""}]}"
2026-02-17T13:45:49.085940+00:00,predict_client,Tamil Nadu,Kancheepuram,Uthiramerur,Salavakkam,2041,,,,,,,"{""state"": ""Tamil Nadu"", ""district"": ""Kancheepuram"", ""block"": ""Uthiramerur"", ""village"": ""Salavakkam"", ""year"": ""2041""}",
2026-02-17T13:46:08.682023+00:00,predict_success,Tamil Nadu,Dindigul,Athoor,Akkaraipatti,2041,87.49,Unfit,83.69-91.29,2.77,High,2.47-3.0,"{""state"": ""Tamil Nadu"", ""district"": ""Dindigul"", ""block"": ""Athoor"", ""village"": ""Akkaraipatti"", ""year"": ""2041""}","{""district"": ""Dindigul"", ""block"": ""Athoor"", ""village"": ""Akkaraipatti"", ""year"": 2041, ""wqi"": {""class"": ""Unfit"", ""value"": 87.49, ""range"": [83.69, 91.29]}, ""hhi"": {""class"": ""High"", ""value"": 2.77, ""range"": [2.47, 3.0]}, ""trend"": [{""year"": 2036, ""wqi_value"": 87.26, ""hhi_value"": 2.71, ""wqi_class"": ""Unfit"", ""hhi_class"": ""High""}, {""year"": 2037, ""wqi_value"": 86.58, ""hhi_value"": 2.52, ""wqi_class"": ""Unfit"", ""hhi_class"": ""High""}, {""year"": 2038, ""wqi_value"": 82.15, ""hhi_value"": 2.58, ""wqi_class"": ""Unfit"", ""hhi_class"": ""High""}, {""year"": 2039, ""wqi_value"": 85.72, ""hhi_value"": 2.51, ""wqi_class"": ""Unfit"", ""hhi_class"": ""High""}, {""year"": 2040, ""wqi_value"": 84.73, ""hhi_value"": 2.39, ""wqi_class"": ""Unfit"", ""hhi_class"": ""High""}, {""year"": 2041, ""wqi_value"": 87.49, ""hhi_value"": 2.77, ""wqi_class"": ""Unfit"", ""hhi_class"": ""High""}, {""year"": 2042, ""wqi_value"": 86.66, ""hhi_value"": 2.58, ""wqi_class"": ""Unfit"", ""hhi_class"": ""High""}, {""year"": 2043, ""wqi_value"": 83.76, ""hhi_value"": 2.36, ""wqi_class"": ""Unfit"", ""hhi_class"": ""High""}, {""year"": 2044, ""wqi_value"": 85.84, ""hhi_value"": 2.72, ""wqi_class"": ""Unfit"", ""hhi_class"": ""High""}, {""year"": 2045, ""wqi_value"": 83.39, ""hhi_value"": 2.35, ""wqi_class"": ""Unfit"", ""hhi_class"": ""High""}, {""year"": 2046, ""wqi_value"": 83.45, ""hhi_value"": 2.58, ""wqi_class"": ""Unfit"", ""hhi_class"": ""High""}]}"
2026-02-17T13:46:09.905936+00:00,predict_client,Tamil Nadu,Dindigul,Athoor,Akkaraipatti,2041,,,,,,,"{""state"": ""Tamil Nadu"", ""district"": ""Dindigul"", ""block"": ""Athoor"", ""village"": ""Akkaraipatti"", ""year"": ""2041""}",
2026-02-17T13:46:31.142480+00:00,predict_success,Tamil Nadu,Dindigul,Athoor,N. Panjampatti,2050,84.56,Unfit,81.0-88.36,2.44,High,2.14-2.74,"{""state"": ""Tamil Nadu"", ""district"": ""Dindigul"", ""block"": ""Athoor"", ""village"": ""N. Panjampatti"", ""year"": ""2050""}","{""district"": ""Dindigul"", ""block"": ""Athoor"", ""village"": ""N. Panjampatti"", ""year"": 2050, ""wqi"": {""class"": ""Unfit"", ""value"": 84.56, ""range"": [81.0, 88.36]}, ""hhi"": {""class"": ""High"", ""value"": 2.44, ""range"": [2.14, 2.74]}, ""trend"": [{""year"": 2045, ""wqi_value"": 84.84, ""hhi_value"": 2.44, ""wqi_class"": ""Unfit"", ""hhi_class"": ""High""}, {""year"": 2046, ""wqi_value"": 85.22, ""hhi_value"": 2.57, ""wqi_class"": ""Unfit"", ""hhi_class"": ""High""}, {""year"": 2047, ""wqi_value"": 83.56, ""hhi_value"": 2.46, ""wqi_class"": ""Unfit"", ""hhi_class"": ""High""}, {""year"": 2048, ""wqi_value"": 84.44, ""hhi_value"": 2.7, ""wqi_class"": ""Unfit"", ""hhi_class"": ""High""}, {""year"": 2049, ""wqi_value"": 86.28, ""hhi_value"": 2.34, ""wqi_class"": ""Unfit"", ""hhi_class"": ""High""}, {""year"": 2050, ""wqi_value"": 84.56, ""hhi_value"": 2.44, ""wqi_class"": ""Unfit"", ""hhi_class"": ""High""}]}"
2026-02-17T13:46:32.364904+00:00,predict_client,Tamil Nadu,Dindigul,Athoor,N. Panjampatti,2050,,,,,,,"{""state"": ""Tamil Nadu"", ""district"": ""Dindigul"", ""block"": ""Athoor"", ""village"": ""N. Panjampatti"", ""year"": ""2050""}",
2026-02-17T13:50:28.019473+00:00,predict_success,Tamil Nadu,Dindigul,Athoor,N. Panjampatti,2050,86.05,Unfit,81.3-90.8,1.94,High,1.57-2.32,"{""state"": ""Tamil Nadu"", ""district"": ""Dindigul"", ""block"": ""Athoor"", ""village"": ""N. Panjampatti"", ""year"": ""2050""}","{""district"": ""Dindigul"", ""block"": ""Athoor"", ""village"": ""N. Panjampatti"", ""year"": 2050, ""wqi"": {""class"": ""Unfit"", ""value"": 86.05, ""range"": [81.3, 90.8]}, ""hhi"": {""class"": ""High"", ""value"": 1.94, ""range"": [1.57, 2.32]}, ""trend"": [{""year"": 2045, ""wqi_value"": 87.29, ""hhi_value"": 1.98, ""wqi_class"": ""Unfit"", ""hhi_class"": ""High""}, {""year"": 2046, ""wqi_value"": 88.51, ""hhi_value"": 2.45, ""wqi_class"": ""Unfit"", ""hhi_class"": ""High""}, {""year"": 2047, ""wqi_value"": 93.36, ""hhi_value"": 2.81, ""wqi_class"": ""Unfit"", ""hhi_class"": ""High""}, {""year"": 2048, ""wqi_value"": 89.21, ""hhi_value"": 2.79, ""wqi_class"": ""Unfit"", ""hhi_class"": ""High""}, {""year"": 2049, ""wqi_value"": 84.05, ""hhi_value"": 2.75, ""wqi_class"": ""Unfit"", ""hhi_class"": ""High""}, {""year"": 2050, ""wqi_value"": 86.05, ""hhi_value"": 1.94, ""wqi_class"": ""Unfit"", ""hhi_class"": ""High""}]}"
2026-02-17T13:50:29.239952+00:00,predict_client,Tamil Nadu,Dindigul,Athoor,N. Panjampatti,2050,,,,,,,"{""state"": ""Tamil Nadu"", ""district"": ""Dindigul"", ""block"": ""Athoor"", ""village"": ""N. Panjampatti"", ""year"": ""2050""}",
2026-02-17T13:50:46.919140+00:00,predict_success,Tamil Nadu,Dindigul,Athoor,N. Panjampatti,2040,88.44,Unfit,83.69-93.19,2.05,High,1.67-2.42,"{""state"": ""Tamil Nadu"", ""district"": ""Dindigul"", ""block"": ""Athoor"", ""village"": ""N. Panjampatti"", ""year"": ""2040""}","{""district"": ""Dindigul"", ""block"": ""Athoor"", ""village"": ""N. Panjampatti"", ""year"": 2040, ""wqi"": {""class"": ""Unfit"", ""value"": 88.44, ""range"": [83.69, 93.19]}, ""hhi"": {""class"": ""High"", ""value"": 2.05, ""range"": [1.67, 2.42]}, ""trend"": [{""year"": 2035, ""wqi_value"": 93.92, ""hhi_value"": 2.15, ""wqi_class"": ""Unfit"", ""hhi_class"": ""High""}, {""year"": 2036, ""wqi_value"": 88.09, ""hhi_value"": 2.74, ""wqi_class"": ""Unfit"", ""hhi_class"": ""High""}, {""year"": 2037, ""wqi_value"": 92.63, ""hhi_value"": 2.09, ""wqi_class"": ""Unfit"", ""hhi_class"": ""High""}, {""year"": 2038, ""wqi_value"": 89.11, ""hhi_value"": 1.91, ""wqi_class"": ""Unfit"", ""hhi_class"": ""High""}, {""year"": 2039, ""wqi_value"": 89.8, ""hhi_value"": 2.36, ""wqi_class"": ""Unfit"", ""hhi_class"": ""High""}, {""year"": 2040, ""wqi_value"": 88.44, ""hhi_value"": 2.05, ""wqi_class"": ""Unfit"", ""hhi_class"": ""High""}, {""year"": 2041, ""wqi_value"": 85.69, ""hhi_value"": 2.28, ""wqi_class"": ""Unfit"", ""hhi_class"": ""High""}, {""year"": 2042, ""wqi_value"": 89.32, ""hhi_value"": 2.17, ""wqi_class"": ""Unfit"", ""hhi_class"": ""High""}, {""year"": 2043, ""wqi_value"": 85.64, ""hhi_value"": 2.51, ""wqi_class"": ""Unfit"", ""hhi_class"": ""High""}, {""year"": 2044, ""wqi_value"": 94.0, ""hhi_value"": 2.3, ""wqi_class"": ""Unfit"", ""hhi_class"": ""High""}, {""year"": 2045, ""wqi_value"": 87.29, ""hhi_value"": 1.98, ""wqi_class"": ""Unfit"", ""hhi_class"": ""High""}]}"
2026-02-17T13:50:48.145018+00:00,predict_client,Tamil Nadu,Dindigul,Athoor,N. Panjampatti,2040,,,,,,,"{""state"": ""Tamil Nadu"", ""district"": ""Dindigul"", ""block"": ""Athoor"", ""village"": ""N. Panjampatti"", ""year"": ""2040""}",
2026-02-17T13:51:16.076738+00:00,predict_success,Tamil Nadu,Dindigul,Athoor,N. Panjampatti,2027,90.38,Unfit,85.63-95.13,2.32,High,1.94-2.69,"{""state"": ""Tamil Nadu"", ""district"": ""Dindigul"", ""block"": ""Athoor"", ""village"": ""N. Panjampatti"", ""year"": ""2027""}","{""district"": ""Dindigul"", ""block"": ""Athoor"", ""village"": ""N. Panjampatti"", ""year"": 2027, ""wqi"": {""class"": ""Unfit"", ""value"": 90.38, ""range"": [85.63, 95.13]}, ""hhi"": {""class"": ""High"", ""value"": 2.32, ""range"": [1.94, 2.69]}, ""trend"": [{""year"": 2022, ""wqi_value"": 95.13, ""hhi_value"": 2.53, ""wqi_class"": ""Unfit"", ""hhi_class"": ""High""}, {""year"": 2023, ""wqi_value"": 84.64, ""hhi_value"": 2.49, ""wqi_class"": ""Unfit"", ""hhi_class"": ""High""}, {""year"": 2024, ""wqi_value"": 92.59, ""hhi_value"": 2.54, ""wqi_class"": ""Unfit"", ""hhi_class"": ""High""}, {""year"": 2025, ""wqi_value"": 88.23, ""hhi_value"": 2.56, ""wqi_class"": ""Unfit"", ""hhi_class"": ""High""}, {""year"": 2026, ""wqi_value"": 83.54, ""hhi_value"": 2.72, ""wqi_class"": ""Unfit"", ""hhi_class"": ""High""}, {""year"": 2027, ""wqi_value"": 90.38, ""hhi_value"": 2.32, ""wqi_class"": ""Unfit"", ""hhi_class"": ""High""}, {""year"": 2028, ""wqi_value"": 87.84, ""hhi_value"": 1.92, ""wqi_class"": ""Unfit"", ""hhi_class"": ""High""}, {""year"": 2029, ""wqi_value"": 94.59, ""hhi_value"": 2.75, ""wqi_class"": ""Unfit"", ""hhi_class"": ""High""}, {""year"": 2030, ""wqi_value"": 83.23, ""hhi_value"": 2.41, ""wqi_class"": ""Unfit"", ""hhi_class"": ""High""}, {""year"": 2031, ""wqi_value"": 94.68, ""hhi_value"": 2.31, ""wqi_class"": ""Unfit"", ""hhi_class"": ""High""}, {""year"": 2032, ""wqi_value"": 88.1, ""hhi_value"": 1.9, ""wqi_class"": ""Unfit"", ""hhi_class"": ""High""}]}"
2026-02-17T13:51:17.307401+00:00,predict_client,Tamil Nadu,Dindigul,Athoor,N. Panjampatti,2027,,,,,,,"{""state"": ""Tamil Nadu"", ""district"": ""Dindigul"", ""block"": ""Athoor"", ""village"": ""N. Panjampatti"", ""year"": ""2027""}",
2026-02-17T13:53:21.562897+00:00,predict_success,Tamil Nadu,Dindigul,Athoor,N. Panjampatti,2027,87.34,Unfit,82.59-92.09,2.56,High,2.18-2.93,"{""state"": ""Tamil Nadu"", ""district"": ""Dindigul"", ""block"": ""Athoor"", ""village"": ""N. Panjampatti"", ""year"": ""2027""}","{""district"": ""Dindigul"", ""block"": ""Athoor"", ""village"": ""N. Panjampatti"", ""year"": 2027, ""wqi"": {""class"": ""Unfit"", ""value"": 87.34, ""range"": [82.59, 92.09]}, ""hhi"": {""class"": ""High"", ""value"": 2.56, ""range"": [2.18, 2.93]}, ""trend"": [{""year"": 2022, ""wqi_value"": 89.83, ""hhi_value"": 1.45, ""wqi_class"": ""Unfit"", ""hhi_class"": ""Medium""}, {""year"": 2023, ""wqi_value"": 85.11, ""hhi_value"": 0.74, ""wqi_class"": ""Unfit"", ""hhi_class"": ""Low""}, {""year"": 2024, ""wqi_value"": 55.68, ""hhi_value"": 2.73, ""wqi_class"": ""Moderate"", ""hhi_class"": ""High""}, {""year"": 2025, ""wqi_value"": 57.5, ""hhi_value"": 1.0, ""wqi_class"": ""Moderate"", ""hhi_class"": ""Low""}, {""year"": 2026, ""wqi_value"": 58.16, ""hhi_value"": 0.99, ""wqi_class"": ""Moderate"", ""hhi_class"": ""Low""}, {""year"": 2027, ""wqi_value"": 87.34, ""hhi_value"": 2.56, ""wqi_class"": ""Unfit"", ""hhi_class"": ""High""}, {""year"": 2028, ""wqi_value"": 44.0, ""hhi_value"": 1.5, ""wqi_class"": ""Good"", ""hhi_class"": ""Medium""}, {""year"": 2029, ""wqi_value"": 56.83, ""hhi_value"": 1.0, ""wqi_class"": ""Moderate"", ""hhi_class"": ""Low""}, {""year"": 2030, ""wqi_value"": 68.71, ""hhi_value"": 0.7, ""wqi_class"": ""Poor"", ""hhi_class"": ""Low""}, {""year"": 2031, ""wqi_value"": 72.88, ""hhi_value"": 1.5, ""wqi_class"": ""Poor"", ""hhi_class"": ""Medium""}, {""year"": 2032, ""wqi_value"": 67.95, ""hhi_value"": 2.16, ""wqi_class"": ""Poor"", ""hhi_class"": ""High""}]}"
2026-02-17T13:53:22.796153+00:00,predict_client,Tamil Nadu,Dindigul,Athoor,N. Panjampatti,2027,,,,,,,"{""state"": ""Tamil Nadu"", ""district"": ""Dindigul"", ""block"": ""Athoor"", ""village"": ""N. Panjampatti"", ""year"": ""2027""}",
2026-02-17T14:18:00.770337+00:00,predict_success,Tamil Nadu,Dindigul,Athoor,N. Panjampatti,2027,87.34,Unfit,82.59-92.09,2.56,High,2.18-2.93,"{""state"": ""Tamil Nadu"", ""district"": ""Dindigul"", ""block"": ""Athoor"", ""village"": ""N. Panjampatti"", ""year"": ""2027""}","{""district"": ""Dindigul"", ""block"": ""Athoor"", ""village"": ""N. Panjampatti"", ""year"": 2027, ""wqi"": {""class"": ""Unfit"", ""value"": 87.34, ""range"": [82.59, 92.09]}, ""hhi"": {""class"": ""High"", ""value"": 2.56, ""range"": [2.18, 2.93]}, ""trend"": [{""year"": 2022, ""wqi_value"": 89.83, ""hhi_value"": 1.45, ""wqi_class"": ""Unfit"", ""hhi_class"": ""Medium""}, {""year"": 2023, ""wqi_value"": 85.11, ""hhi_value"": 0.74, ""wqi_class"": ""Unfit"", ""hhi_class"": ""Low""}, {""year"": 2024, ""wqi_value"": 55.68, ""hhi_value"": 2.73, ""wqi_class"": ""Moderate"", ""hhi_class"": ""High""}, {""year"": 2025, ""wqi_value"": 57.5, ""hhi_value"": 1.0, ""wqi_class"": ""Moderate"", ""hhi_class"": ""Low""}, {""year"": 2026, ""wqi_value"": 58.16, ""hhi_value"": 0.99, ""wqi_class"": ""Moderate"", ""hhi_class"": ""Low""}, {""year"": 2027, ""wqi_value"": 87.34, ""hhi_value"": 2.56, ""wqi_class"": ""Unfit"", ""hhi_class"": ""High""}, {""year"": 2028, ""wqi_value"": 44.0, ""hhi_value"": 1.5, ""wqi_class"": ""Good"", ""hhi_class"": ""Medium""}, {""year"": 2029, ""wqi_value"": 56.83, ""hhi_value"": 1.0, ""wqi_class"": ""Moderate"", ""hhi_class"": ""Low""}, {""year"": 2030, ""wqi_value"": 68.71, ""hhi_value"": 0.7, ""wqi_class"": ""Poor"", ""hhi_class"": ""Low""}, {""year"": 2031, ""wqi_value"": 72.88, ""hhi_value"": 1.5, ""wqi_class"": ""Poor"", ""hhi_class"": ""Medium""}, {""year"": 2032, ""wqi_value"": 67.95, ""hhi_value"": 2.16, ""wqi_class"": ""Poor"", ""hhi_class"": ""High""}]}"
2026-02-17T14:18:01.991459+00:00,predict_client,Tamil Nadu,Dindigul,Athoor,N. Panjampatti,2027,,,,,,,"{""state"": ""Tamil Nadu"", ""district"": ""Dindigul"", ""block"": ""Athoor"", ""village"": ""N. Panjampatti"", ""year"": ""2027""}",
2026-02-17T14:18:21.571591+00:00,predict_success,Tamil Nadu,Karur,Aravakurichi,Alamarathupatti,2027,57.73,Moderate,53.98-60.0,1.0,Low,0.75-1.0,"{""state"": ""Tamil Nadu"", ""district"": ""Karur"", ""block"": ""Aravakurichi"", ""village"": ""Alamarathupatti"", ""year"": ""2027""}","{""district"": ""Karur"", ""block"": ""Aravakurichi"", ""village"": ""Alamarathupatti"", ""year"": 2027, ""wqi"": {""class"": ""Moderate"", ""value"": 57.73, ""range"": [53.98, 60.0]}, ""hhi"": {""class"": ""Low"", ""value"": 1.0, ""range"": [0.75, 1.0]}, ""trend"": [{""year"": 2022, ""wqi_value"": 88.9, ""hhi_value"": 1.47, ""wqi_class"": ""Unfit"", ""hhi_class"": ""Medium""}, {""year"": 2023, ""wqi_value"": 60.0, ""hhi_value"": 1.5, ""wqi_class"": ""Moderate"", ""hhi_class"": ""Medium""}, {""year"": 2024, ""wqi_value"": 60.0, ""hhi_value"": 1.48, ""wqi_class"": ""Moderate"", ""hhi_class"": ""Medium""}, {""year"": 2025, ""wqi_value"": 80.0, ""hhi_value"": 1.0, ""wqi_class"": ""Poor"", ""hhi_class"": ""Low""}, {""year"": 2026, ""wqi_value"": 43.4, ""hhi_value"": 1.5, ""wqi_class"": ""Good"", ""hhi_class"": ""Medium""}, {""year"": 2027, ""wqi_value"": 57.73, ""hhi_value"": 1.0, ""wqi_class"": ""Moderate"", ""hhi_class"": ""Low""}, {""year"": 2028, ""wqi_value"": 42.26, ""hhi_value"": 2.41, ""wqi_class"": ""Good"", ""hhi_class"": ""High""}, {""year"": 2029, ""wqi_value"": 79.91, ""hhi_value"": 1.0, ""wqi_class"": ""Poor"", ""hhi_class"": ""Low""}, {""year"": 2030, ""wqi_value"": 41.04, ""hhi_value"": 0.73, ""wqi_class"": ""Good"", ""hhi_class"": ""Low""}, {""year"": 2031, ""wqi_value"": 60.0, ""hhi_value"": 1.5, ""wqi_class"": ""Moderate"", ""hhi_class"": ""Medium""}, {""year"": 2032, ""wqi_value"": 58.74, ""hhi_value"": 2.23, ""wqi_class"": ""Moderate"", ""hhi_class"": ""High""}]}"
2026-02-17T14:18:22.797913+00:00,predict_client,Tamil Nadu,Karur,Aravakurichi,Alamarathupatti,2027,,,,,,,"{""state"": ""Tamil Nadu"", ""district"": ""Karur"", ""block"": ""Aravakurichi"", ""village"": ""Alamarathupatti"", ""year"": ""2027""}",
2026-02-17T14:18:44.178414+00:00,predict_success,Tamil Nadu,Cuddalore,Annagramam,Agaram,2027,60.0,Moderate,56.25-60.0,1.5,Medium,1.38-1.5,"{""state"": ""Tamil Nadu"", ""district"": ""Cuddalore"", ""block"": ""Annagramam"", ""village"": ""Agaram"", ""year"": ""2027""}","{""district"": ""Cuddalore"", ""block"": ""Annagramam"", ""village"": ""Agaram"", ""year"": 2027, ""wqi"": {""class"": ""Moderate"", ""value"": 60.0, ""range"": [56.25, 60.0]}, ""hhi"": {""class"": ""Medium"", ""value"": 1.5, ""range"": [1.38, 1.5]}, ""trend"": [{""year"": 2022, ""wqi_value"": 44.0, ""hhi_value"": 1.5, ""wqi_class"": ""Good"", ""hhi_class"": ""Medium""}, {""year"": 2023, ""wqi_value"": 31.23, ""hhi_value"": 1.5, ""wqi_class"": ""Good"", ""hhi_class"": ""Medium""}, {""year"": 2024, ""wqi_value"": 44.0, ""hhi_value"": 1.0, ""wqi_class"": ""Good"", ""hhi_class"": ""Low""}, {""year"": 2025, ""wqi_value"": 60.0, ""hhi_value"": 2.77, ""wqi_class"": ""Moderate"", ""hhi_class"": ""High""}, {""year"": 2026, ""wqi_value"": 26.02, ""hhi_value"": 1.97, ""wqi_class"": ""Good"", ""hhi_class"": ""High""}, {""year"": 2027, ""wqi_value"": 60.0, ""hhi_value"": 1.5, ""wqi_class"": ""Moderate"", ""hhi_class"": ""Medium""}, {""year"": 2028, ""wqi_value"": 79.13, ""hhi_value"": 2.0, ""wqi_class"": ""Poor"", ""hhi_class"": ""High""}, {""year"": 2029, ""wqi_value"": 80.0, ""hhi_value"": 1.5, ""wqi_class"": ""Poor"", ""hhi_class"": ""Medium""}, {""year"": 2030, ""wqi_value"": 72.08, ""hhi_value"": 1.42, ""wqi_class"": ""Poor"", ""hhi_class"": ""Medium""}, {""year"": 2031, ""wqi_value"": 60.0, ""hhi_value"": 1.5, ""wqi_class"": ""Moderate"", ""hhi_class"": ""Medium""}, {""year"": 2032, ""wqi_value"": 78.34, ""hhi_value"": 2.15, ""wqi_class"": ""Poor"", ""hhi_class"": ""High""}]}"
2026-02-17T14:18:45.399284+00:00,predict_client,Tamil Nadu,Cuddalore,Annagramam,Agaram,2027,,,,,,,"{""state"": ""Tamil Nadu"", ""district"": ""Cuddalore"", ""block"": ""Annagramam"", ""village"": ""Agaram"", ""year"": ""2027""}",
2026-02-17T14:19:03.467315+00:00,predict_success,Tamil Nadu,Cuddalore,Annagramam,Agaram,2035,78.96,Poor,74.21-80.0,0.74,Low,0.49-0.99,"{""state"": ""Tamil Nadu"", ""district"": ""Cuddalore"", ""block"": ""Annagramam"", ""village"": ""Agaram"", ""year"": ""2035""}","{""district"": ""Cuddalore"", ""block"": ""Annagramam"", ""village"": ""Agaram"", ""year"": 2035, ""wqi"": {""class"": ""Poor"", ""value"": 78.96, ""range"": [74.21, 80.0]}, ""hhi"": {""class"": ""Low"", ""value"": 0.74, ""range"": [0.49, 0.99]}, ""trend"": [{""year"": 2030, ""wqi_value"": 72.08, ""hhi_value"": 1.42, ""wqi_class"": ""Poor"", ""hhi_class"": ""Medium""}, {""year"": 2031, ""wqi_value"": 60.0, ""hhi_value"": 1.5, ""wqi_class"": ""Moderate"", ""hhi_class"": ""Medium""}, {""year"": 2032, ""wqi_value"": 78.34, ""hhi_value"": 2.15, ""wqi_class"": ""Poor"", ""hhi_class"": ""High""}, {""year"": 2033, ""wqi_value"": 44.0, ""hhi_value"": 1.49, ""wqi_class"": ""Good"", ""hhi_class"": ""Medium""}, {""year"": 2034, ""wqi_value"": 79.02, ""hhi_value"": 1.0, ""wqi_class"": ""Poor"", ""hhi_class"": ""Low""}, {""year"": 2035, ""wqi_value"": 78.96, ""hhi_value"": 0.74, ""wqi_class"": ""Poor"", ""hhi_class"": ""Low""}, {""year"": 2036, ""wqi_value"": 75.51, ""hhi_value"": 1.0, ""wqi_class"": ""Poor"", ""hhi_class"": ""Low""}, {""year"": 2037, ""wqi_value"": 90.3, ""hhi_value"": 1.5, ""wqi_class"": ""Unfit"", ""hhi_class"": ""Medium""}, {""year"": 2038, ""wqi_value"": 55.67, ""hhi_value"": 0.77, ""wqi_class"": ""Moderate"", ""hhi_class"": ""Low""}, {""year"": 2039, ""wqi_value"": 75.68, ""hhi_value"": 1.5, ""wqi_class"": ""Poor"", ""hhi_class"": ""Medium""}, {""year"": 2040, ""wqi_value"": 79.1, ""hhi_value"": 1.5, ""wqi_class"": ""Poor"", ""hhi_class"": ""Medium""}]}"
2026-02-17T14:19:04.701174+00:00,predict_client,Tamil Nadu,Cuddalore,Annagramam,Agaram,2035,,,,,,,"{""state"": ""Tamil Nadu"", ""district"": ""Cuddalore"", ""block"": ""Annagramam"", ""village"": ""Agaram"", ""year"": ""2035""}",
2026-02-17T14:34:19.869621+00:00,predict_success,Tamil Nadu,Ariyalur,Andimadam,Alagapuram,2025,60.0,Moderate,56.25-60.0,1.0,Low,0.75-1.0,"{""state"": ""Tamil Nadu"", ""district"": ""Ariyalur"", ""block"": ""Andimadam"", ""village"": ""Alagapuram"", ""year"": ""2025""}","{""district"": ""Ariyalur"", ""block"": ""Andimadam"", ""village"": ""Alagapuram"", ""year"": 2025, ""wqi"": {""class"": ""Moderate"", ""value"": 60.0, ""range"": [56.25, 60.0]}, ""hhi"": {""class"": ""Low"", ""value"": 1.0, ""range"": [0.75, 1.0]}, ""trend"": [{""year"": 2020, ""wqi_value"": 23.34, ""hhi_value"": 0.91, ""wqi_class"": ""Good"", ""hhi_class"": ""Low""}, {""year"": 2021, ""wqi_value"": 67.71, ""hhi_value"": 2.56, ""wqi_class"": ""Poor"", ""hhi_class"": ""High""}, {""year"": 2022, ""wqi_value"": 57.4, ""hhi_value"": 1.5, ""wqi_class"": ""Moderate"", ""hhi_class"": ""Medium""}, {""year"": 2023, ""wqi_value"": 70.25, ""hhi_value"": 1.44, ""wqi_class"": ""Poor"", ""hhi_class"": ""Medium""}, {""year"": 2024, ""wqi_value"": 24.72, ""hhi_value"": 2.03, ""wqi_class"": ""Good"", ""hhi_class"": ""High""}, {""year"": 2025, ""wqi_value"": 60.0, ""hhi_value"": 1.0, ""wqi_class"": ""Moderate"", ""hhi_class"": ""Low""}, {""year"": 2026, ""wqi_value"": 70.55, ""hhi_value"": 1.0, ""wqi_class"": ""Poor"", ""hhi_class"": ""Low""}, {""year"": 2027, ""wqi_value"": 34.33, ""hhi_value"": 1.5, ""wqi_class"": ""Good"", ""hhi_class"": ""Medium""}, {""year"": 2028, ""wqi_value"": 92.82, ""hhi_value"": 1.5, ""wqi_class"": ""Unfit"", ""hhi_class"": ""Medium""}, {""year"": 2029, ""wqi_value"": 94.71, ""hhi_value"": 1.0, ""wqi_class"": ""Unfit"", ""hhi_class"": ""Low""}, {""year"": 2030, ""wqi_value"": 89.18, ""hhi_value"": 1.5, ""wqi_class"": ""Unfit"", ""hhi_class"": ""Medium""}]}"
2026-02-17T14:34:21.091483+00:00,predict_client,Tamil Nadu,Ariyalur,Andimadam,Alagapuram,2025,,,,,,,"{""state"": ""Tamil Nadu"", ""district"": ""Ariyalur"", ""block"": ""Andimadam"", ""village"": ""Alagapuram"", ""year"": ""2025""}",
2026-02-17T14:34:42.388103+00:00,predict_success,Tamil Nadu,Ariyalur,Andimadam,Alagapuram,2027,34.33,Good,23.33-44.0,1.5,Medium,1.38-1.5,"{""state"": ""Tamil Nadu"", ""district"": ""Ariyalur"", ""block"": ""Andimadam"", ""village"": ""Alagapuram"", ""year"": ""2027""}","{""district"": ""Ariyalur"", ""block"": ""Andimadam"", ""village"": ""Alagapuram"", ""year"": 2027, ""wqi"": {""class"": ""Good"", ""value"": 34.33, ""range"": [23.33, 44.0]}, ""hhi"": {""class"": ""Medium"", ""value"": 1.5, ""range"": [1.38, 1.5]}, ""trend"": [{""year"": 2022, ""wqi_value"": 57.4, ""hhi_value"": 1.5, ""wqi_class"": ""Moderate"", ""hhi_class"": ""Medium""}, {""year"": 2023, ""wqi_value"": 70.25, ""hhi_value"": 1.44, ""wqi_class"": ""Poor"", ""hhi_class"": ""Medium""}, {""year"": 2024, ""wqi_value"": 24.72, ""hhi_value"": 2.03, ""wqi_class"": ""Good"", ""hhi_class"": ""High""}, {""year"": 2025, ""wqi_value"": 60.0, ""hhi_value"": 1.0, ""wqi_class"": ""Moderate"", ""hhi_class"": ""Low""}, {""year"": 2026, ""wqi_value"": 70.55, ""hhi_value"": 1.0, ""wqi_class"": ""Poor"", ""hhi_class"": ""Low""}, {""year"": 2027, ""wqi_value"": 34.33, ""hhi_value"": 1.5, ""wqi_class"": ""Good"", ""hhi_class"": ""Medium""}, {""year"": 2028, ""wqi_value"": 92.82, ""hhi_value"": 1.5, ""wqi_class"": ""Unfit"", ""hhi_class"": ""Medium""}, {""year"": 2029, ""wqi_value"": 94.71, ""hhi_value"": 1.0, ""wqi_class"": ""Unfit"", ""hhi_class"": ""Low""}, {""year"": 2030, ""wqi_value"": 89.18, ""hhi_value"": 1.5, ""wqi_class"": ""Unfit"", ""hhi_class"": ""Medium""}, {""year"": 2031, ""wqi_value"": 57.09, ""hhi_value"": 1.0, ""wqi_class"": ""Moderate"", ""hhi_class"": ""Low""}, {""year"": 2032, ""wqi_value"": 56.65, ""hhi_value"": 1.0, ""wqi_class"": ""Moderate"", ""hhi_class"": ""Low""}]}"
2026-02-17T14:34:43.608563+00:00,predict_client,Tamil Nadu,Ariyalur,Andimadam,Alagapuram,2027,,,,,,,"{""state"": ""Tamil Nadu"", ""district"": ""Ariyalur"", ""block"": ""Andimadam"", ""village"": ""Alagapuram"", ""year"": ""2027""}",
2026-02-17T15:12:36.734240+00:00,predict_success,Tamil Nadu,Dindigul,Athoor,Akkaraipatti,2025,72.07,Poor,67.32-76.82,1.5,Medium,1.38-1.5,"{""state"": ""Tamil Nadu"", ""district"": ""Dindigul"", ""block"": ""Athoor"", ""village"": ""Akkaraipatti"", ""year"": ""2025""}","{""district"": ""Dindigul"", ""block"": ""Athoor"", ""village"": ""Akkaraipatti"", ""year"": 2025, ""wqi"": {""class"": ""Poor"", ""value"": 72.07, ""range"": [67.32, 76.82]}, ""hhi"": {""class"": ""Medium"", ""value"": 1.5, ""range"": [1.38, 1.5]}, ""trend"": [{""year"": 2020, ""wqi_value"": 60.0, ""hhi_value"": 0.71, ""wqi_class"": ""Moderate"", ""hhi_class"": ""Low""}, {""year"": 2021, ""wqi_value"": 60.0, ""hhi_value"": 1.43, ""wqi_class"": ""Moderate"", ""hhi_class"": ""Medium""}, {""year"": 2022, ""wqi_value"": 26.61, ""hhi_value"": 1.9, ""wqi_class"": ""Good"", ""hhi_class"": ""High""}, {""year"": 2023, ""wqi_value"": 88.68, ""hhi_value"": 1.94, ""wqi_class"": ""Unfit"", ""hhi_class"": ""High""}, {""year"": 2024, ""wqi_value"": 57.29, ""hhi_value"": 2.25, ""wqi_class"": ""Moderate"", ""hhi_class"": ""High""}, {""year"": 2025, ""wqi_value"": 72.07, ""hhi_value"": 1.5, ""wqi_class"": ""Poor"", ""hhi_class"": ""Medium""}, {""year"": 2026, ""wqi_value"": 70.18, ""hhi_value"": 1.5, ""wqi_class"": ""Poor"", ""hhi_class"": ""Medium""}, {""year"": 2027, ""wqi_value"": 87.07, ""hhi_value"": 1.0, ""wqi_class"": ""Unfit"", ""hhi_class"": ""Low""}, {""year"": 2028, ""wqi_value"": 57.65, ""hhi_value"": 1.0, ""wqi_class"": ""Moderate"", ""hhi_class"": ""Low""}, {""year"": 2029, ""wqi_value"": 79.5, ""hhi_value"": 1.93, ""wqi_class"": ""Poor"", ""hhi_class"": ""High""}, {""year"": 2030, ""wqi_value"": 72.85, ""hhi_value"": 1.0, ""wqi_class"": ""Poor"", ""hhi_class"": ""Low""}]}"
2026-02-17T15:12:38.140814+00:00,predict_client,Tamil Nadu,Dindigul,Athoor,Akkaraipatti,2025,,,,,,,"{""state"": ""Tamil Nadu"", ""district"": ""Dindigul"", ""block"": ""Athoor"", ""village"": ""Akkaraipatti"", ""year"": ""2025""}",
2026-02-17T15:23:06.326823+00:00,predict_success,Tamil Nadu,Dharmapuri,Harur,Kolagampatti,2025,60.0,Moderate,56.25-60.0,1.0,Low,0.75-1.0,"{""state"": ""Tamil Nadu"", ""district"": ""Dharmapuri"", ""block"": ""Harur"", ""village"": ""Kolagampatti"", ""year"": ""2025""}","{""district"": ""Dharmapuri"", ""block"": ""Harur"", ""village"": ""Kolagampatti"", ""year"": 2025, ""wqi"": {""class"": ""Moderate"", ""value"": 60.0, ""range"": [56.25, 60.0]}, ""hhi"": {""class"": ""Low"", ""value"": 1.0, ""range"": [0.75, 1.0]}, ""trend"": [{""year"": 2020, ""wqi_value"": 87.54, ""hhi_value"": 1.5, ""wqi_class"": ""Unfit"", ""hhi_class"": ""Medium""}, {""year"": 2021, ""wqi_value"": 95.08, ""hhi_value"": 1.5, ""wqi_class"": ""Unfit"", ""hhi_class"": ""Medium""}, {""year"": 2022, ""wqi_value"": 30.79, ""hhi_value"": 2.25, ""wqi_class"": ""Good"", ""hhi_class"": ""High""}, {""year"": 2023, ""wqi_value"": 44.0, ""hhi_value"": 0.7, ""wqi_class"": ""Good"", ""hhi_class"": ""Low""}, {""year"": 2024, ""wqi_value"": 76.41, ""hhi_value"": 2.17, ""wqi_class"": ""Poor"", ""hhi_class"": ""High""}, {""year"": 2025, ""wqi_value"": 60.0, ""hhi_value"": 1.0, ""wqi_class"": ""Moderate"", ""hhi_class"": ""Low""}, {""year"": 2026, ""wqi_value"": 40.06, ""hhi_value"": 1.0, ""wqi_class"": ""Good"", ""hhi_class"": ""Low""}, {""year"": 2027, ""wqi_value"": 59.05, ""hhi_value"": 1.5, ""wqi_class"": ""Moderate"", ""hhi_class"": ""Medium""}, {""year"": 2028, ""wqi_value"": 60.0, ""hhi_value"": 1.0, ""wqi_class"": ""Moderate"", ""hhi_class"": ""Low""}, {""year"": 2029, ""wqi_value"": 93.63, ""hhi_value"": 2.75, ""wqi_class"": ""Unfit"", ""hhi_class"": ""High""}, {""year"": 2030, ""wqi_value"": 72.12, ""hhi_value"": 1.0, ""wqi_class"": ""Poor"", ""hhi_class"": ""Low""}]}"
2026-02-17T15:23:07.608932+00:00,predict_client,Tamil Nadu,Dharmapuri,Harur,Kolagampatti,2025,,,,,,,"{""state"": ""Tamil Nadu"", ""district"": ""Dharmapuri"", ""block"": ""Harur"", ""village"": ""Kolagampatti"", ""year"": ""2025""}",
2026-02-17T15:25:39.243554+00:00,predict_success,Tamil Nadu,Ariyalur,Andimadam,Alagapuram,2025,39.99,Good,28.99-44.0,1.5,Medium,1.38-1.5,"{""state"": ""Tamil Nadu"", ""district"": ""Ariyalur"", ""block"": ""Andimadam"", ""village"": ""Alagapuram"", ""year"": ""2025""}","{""district"": ""Ariyalur"", ""block"": ""Andimadam"", ""village"": ""Alagapuram"", ""year"": 2025, ""wqi"": {""class"": ""Good"", ""value"": 39.99, ""range"": [28.99, 44.0]}, ""hhi"": {""class"": ""Medium"", ""value"": 1.5, ""range"": [1.38, 1.5]}, ""trend"": [{""year"": 2020, ""wqi_value"": 78.37, ""hhi_value"": 2.01, ""wqi_class"": ""Poor"", ""hhi_class"": ""High""}, {""year"": 2021, ""wqi_value"": 60.0, ""hhi_value"": 1.0, ""wqi_class"": ""Moderate"", ""hhi_class"": ""Low""}, {""year"": 2022, ""wqi_value"": 60.0, ""hhi_value"": 2.44, ""wqi_class"": ""Moderate"", ""hhi_class"": ""High""}, {""year"": 2023, ""wqi_value"": 71.53, ""hhi_value"": 2.15, ""wqi_class"": ""Poor"", ""hhi_class"": ""High""}, {""year"": 2024, ""wqi_value"": 72.23, ""hhi_value"": 1.5, ""wqi_class"": ""Poor"", ""hhi_class"": ""Medium""}, {""year"": 2025, ""wqi_value"": 39.99, ""hhi_value"": 1.5, ""wqi_class"": ""Good"", ""hhi_class"": ""Medium""}, {""year"": 2026, ""wqi_value"": 58.93, ""hhi_value"": 1.0, ""wqi_class"": ""Moderate"", ""hhi_class"": ""Low""}, {""year"": 2027, ""wqi_value"": 68.49, ""hhi_value"": 0.86, ""wqi_class"": ""Poor"", ""hhi_class"": ""Low""}, {""year"": 2028, ""wqi_value"": 56.5, ""hhi_value"": 2.1, ""wqi_class"": ""Moderate"", ""hhi_class"": ""High""}, {""year"": 2029, ""wqi_value"": 58.82, ""hhi_value"": 2.82, ""wqi_class"": ""Moderate"", ""hhi_class"": ""High""}, {""year"": 2030, ""wqi_value"": 74.74, ""hhi_value"": 2.61, ""wqi_class"": ""Poor"", ""hhi_class"": ""High""}]}"
2026-02-17T15:25:41.140225+00:00,predict_client,Tamil Nadu,Ariyalur,Andimadam,Alagapuram,2025,,,,,,,"{""state"": ""Tamil Nadu"", ""district"": ""Ariyalur"", ""block"": ""Andimadam"", ""village"": ""Alagapuram"", ""year"": ""2025""}",
2026-02-17T15:29:32.276058+00:00,calc_wqi,Tamil Nadu,Ariyalur,,,2025,,,,,,,"{""state"": ""Tamil Nadu"", ""district"": ""Ariyalur"", ""year"": ""2025"", ""inputs"": {""ph"": 7.2, ""do"": 6.5, ""tds"": 320, ""no3"": 18, ""cl"": 140, ""f"": 0.9}, ""output"": ""WQI: 55.95 - 60.00 - Moderate""}",
2026-02-17T15:29:34.238927+00:00,calc_hhi,Tamil Nadu,Ariyalur,,,2025,,,,,,,"{""state"": ""Tamil Nadu"", ""district"": ""Ariyalur"", ""year"": ""2025"", ""inputs"": {""as"": 0.005, ""pb"": 0.003, ""cd"": 0.001, ""IR"": 2, ""EF"": 365, ""ED"": 30, ""BW"": 70, ""AT"": 10950, ""rfdAs"": 0.0003, ""rfdPb"": 0.0035, ""rfdCd"": 0.001}, ""output"": ""HHI: 0.33 - 0.73 - Low""}",
2026-02-26T07:55:15.748812+00:00,predict_error,Tamil Nadu,Ariyalur,Andimadam,Alagapuram,2025,,,,,,,"{""state"": ""Tamil Nadu"", ""district"": ""Ariyalur"", ""block"": ""Andimadam"", ""village"": ""Alagapuram"", ""year"": ""2025""}","{""error"": ""'Monsoon'""}"
2026-02-26T07:55:21.185060+00:00,predict_error,Tamil Nadu,Ariyalur,Andimadam,Alagapuram,2025,,,,,,,"{""state"": ""Tamil Nadu"", ""district"": ""Ariyalur"", ""block"": ""Andimadam"", ""village"": ""Alagapuram"", ""year"": ""2025""}","{""error"": ""'Monsoon'""}"
2026-02-26T07:55:38.748184+00:00,predict_error,Tamil Nadu,Ariyalur,Andimadam,Alagapuram,2025,,,,,,,"{""state"": ""Tamil Nadu"", ""district"": ""Ariyalur"", ""block"": ""Andimadam"", ""village"": ""Alagapuram"", ""year"": ""2025""}","{""error"": ""'Monsoon'""}"
2026-02-26T07:56:28.749929+00:00,predict_error,Tamil Nadu,Virudhunagar,Kariapatti,Alagianallur,2025,,,,,,,"{""state"": ""Tamil Nadu"", ""district"": ""Virudhunagar"", ""block"": ""Kariapatti"", ""village"": ""Alagianallur"", ""year"": ""2025""}","{""error"": ""'Monsoon'""}"
2026-02-26T08:01:37.624809+00:00,predict_success,Tamil Nadu,Ariyalur,Andimadam,Alagapuram,2025,22.51,Good,13.71-31.31,0.68,Low,0.48-0.88,"{""state"": ""Tamil Nadu"", ""district"": ""Ariyalur"", ""block"": ""Andimadam"", ""village"": ""Alagapuram"", ""year"": ""2025""}","{""district"": ""Ariyalur"", ""block"": ""Andimadam"", ""village"": ""Alagapuram"", ""year"": 2025, ""wqi"": {""class"": ""Good"", ""value"": 22.51, ""range"": [13.71, 31.31]}, ""hhi"": {""class"": ""Low"", ""value"": 0.68, ""range"": [0.48, 0.88]}, ""trend"": [{""year"": 2020, ""wqi_value"": 22.09, ""hhi_value"": 0.66, ""wqi_class"": ""Good"", ""hhi_class"": ""Low""}, {""year"": 2021, ""wqi_value"": 22.76, ""hhi_value"": 0.68, ""wqi_class"": ""Good"", ""hhi_class"": ""Low""}, {""year"": 2022, ""wqi_value"": 22.18, ""hhi_value"": 0.67, ""wqi_class"": ""Good"", ""hhi_class"": ""Low""}, {""year"": 2023, ""wqi_value"": 21.67, ""hhi_value"": 0.65, ""wqi_class"": ""Good"", ""hhi_class"": ""Low""}, {""year"": 2024, ""wqi_value"": 22.46, ""hhi_value"": 0.67, ""wqi_class"": ""Good"", ""hhi_class"": ""Low""}, {""year"": 2025, ""wqi_value"": 22.51, ""hhi_value"": 0.68, ""wqi_class"": ""Good"", ""hhi_class"": ""Low""}, {""year"": 2026, ""wqi_value"": 22.6, ""hhi_value"": 0.68, ""wqi_class"": ""Good"", ""hhi_class"": ""Low""}, {""year"": 2027, ""wqi_value"": 22.63, ""hhi_value"": 0.68, ""wqi_class"": ""Good"", ""hhi_class"": ""Low""}, {""year"": 2028, ""wqi_value"": 22.66, ""hhi_value"": 0.68, ""wqi_class"": ""Good"", ""hhi_class"": ""Low""}, {""year"": 2029, ""wqi_value"": 22.69, ""hhi_value"": 0.68, ""wqi_class"": ""Good"", ""hhi_class"": ""Low""}, {""year"": 2030, ""wqi_value"": 22.72, ""hhi_value"": 0.68, ""wqi_class"": ""Good"", ""hhi_class"": ""Low""}]}"
2026-02-26T08:01:38.835143+00:00,predict_client,Tamil Nadu,Ariyalur,Andimadam,Alagapuram,2025,,,,,,,"{""state"": ""Tamil Nadu"", ""district"": ""Ariyalur"", ""block"": ""Andimadam"", ""village"": ""Alagapuram"", ""year"": ""2025""}",
2026-02-26T08:07:47.570836+00:00,predict_success,Tamil Nadu,Ariyalur,Andimadam,Alagapuram,2025,27.01,Good,26.0-31.81,0.68,Low Risk,0.48-0.88,"{""state"": ""Tamil Nadu"", ""district"": ""Ariyalur"", ""block"": ""Andimadam"", ""village"": ""Alagapuram"", ""year"": ""2025""}","{""district"": ""Ariyalur"", ""block"": ""Andimadam"", ""village"": ""Alagapuram"", ""year"": 2025, ""wqi"": {""class"": ""Good"", ""value"": 27.01, ""range"": [26.0, 31.81]}, ""hhi"": {""class"": ""Low Risk"", ""value"": 0.68, ""range"": [0.48, 0.88]}, ""trend"": [{""year"": 2020, ""wqi_value"": 26.51, ""hhi_value"": 0.66, ""wqi_class"": ""Good"", ""hhi_class"": ""Low Risk""}, {""year"": 2021, ""wqi_value"": 27.31, ""hhi_value"": 0.68, ""wqi_class"": ""Good"", ""hhi_class"": ""Low Risk""}, {""year"": 2022, ""wqi_value"": 26.62, ""hhi_value"": 0.67, ""wqi_class"": ""Good"", ""hhi_class"": ""Low Risk""}, {""year"": 2023, ""wqi_value"": 26.0, ""hhi_value"": 0.65, ""wqi_class"": ""Good"", ""hhi_class"": ""Low Risk""}, {""year"": 2024, ""wqi_value"": 26.95, ""hhi_value"": 0.67, ""wqi_class"": ""Good"", ""hhi_class"": ""Low Risk""}, {""year"": 2025, ""wqi_value"": 27.01, ""hhi_value"": 0.68, ""wqi_class"": ""Good"", ""hhi_class"": ""Low Risk""}, {""year"": 2026, ""wqi_value"": 27.12, ""hhi_value"": 0.68, ""wqi_class"": ""Good"", ""hhi_class"": ""Low Risk""}, {""year"": 2027, ""wqi_value"": 27.16, ""hhi_value"": 0.68, ""wqi_class"": ""Good"", ""hhi_class"": ""Low Risk""}, {""year"": 2028, ""wqi_value"": 27.19, ""hhi_value"": 0.68, ""wqi_class"": ""Good"", ""hhi_class"": ""Low Risk""}, {""year"": 2029, ""wqi_value"": 27.23, ""hhi_value"": 0.68, ""wqi_class"": ""Good"", ""hhi_class"": ""Low Risk""}, {""year"": 2030, ""wqi_value"": 27.27, ""hhi_value"": 0.68, ""wqi_class"": ""Good"", ""hhi_class"": ""Low Risk""}]}"
2026-02-26T08:07:48.779990+00:00,predict_client,Tamil Nadu,Ariyalur,Andimadam,Alagapuram,2025,,,,,,,"{""state"": ""Tamil Nadu"", ""district"": ""Ariyalur"", ""block"": ""Andimadam"", ""village"": ""Alagapuram"", ""year"": ""2025""}",
2026-02-26T08:08:13.963936+00:00,predict_success,Tamil Nadu,Ariyalur,Andimadam,Koovathur,2025,26.23,Good,26.0-31.03,0.66,Low Risk,0.46-0.86,"{""state"": ""Tamil Nadu"", ""district"": ""Ariyalur"", ""block"": ""Andimadam"", ""village"": ""Koovathur"", ""year"": ""2025""}","{""district"": ""Ariyalur"", ""block"": ""Andimadam"", ""village"": ""Koovathur"", ""year"": 2025, ""wqi"": {""class"": ""Good"", ""value"": 26.23, ""range"": [26.0, 31.03]}, ""hhi"": {""class"": ""Low Risk"", ""value"": 0.66, ""range"": [0.46, 0.86]}, ""trend"": [{""year"": 2020, ""wqi_value"": 26.28, ""hhi_value"": 0.66, ""wqi_class"": ""Good"", ""hhi_class"": ""Low Risk""}, {""year"": 2021, ""wqi_value"": 25.78, ""hhi_value"": 0.64, ""wqi_class"": ""Unsuitable for Drinking"", ""hhi_class"": ""Low Risk""}, {""year"": 2022, ""wqi_value"": 26.28, ""hhi_value"": 0.66, ""wqi_class"": ""Good"", ""hhi_class"": ""Low Risk""}, {""year"": 2023, ""wqi_value"": 26.5, ""hhi_value"": 0.66, ""wqi_class"": ""Good"", ""hhi_class"": ""Low Risk""}, {""year"": 2024, ""wqi_value"": 26.2, ""hhi_value"": 0.65, ""wqi_class"": ""Good"", ""hhi_class"": ""Low Risk""}, {""year"": 2025, ""wqi_value"": 26.23, ""hhi_value"": 0.66, ""wqi_class"": ""Good"", ""hhi_class"": ""Low Risk""}, {""year"": 2026, ""wqi_value"": 26.46, ""hhi_value"": 0.66, ""wqi_class"": ""Good"", ""hhi_class"": ""Low Risk""}, {""year"": 2027, ""wqi_value"": 26.49, ""hhi_value"": 0.66, ""wqi_class"": ""Good"", ""hhi_class"": ""Low Risk""}, {""year"": 2028, ""wqi_value"": 26.53, ""hhi_value"": 0.66, ""wqi_class"": ""Good"", ""hhi_class"": ""Low Risk""}, {""year"": 2029, ""wqi_value"": 26.56, ""hhi_value"": 0.66, ""wqi_class"": ""Good"", ""hhi_class"": ""Low Risk""}, {""year"": 2030, ""wqi_value"": 26.6, ""hhi_value"": 0.67, ""wqi_class"": ""Good"", ""hhi_class"": ""Low Risk""}]}"
2026-02-26T08:08:15.183709+00:00,predict_client,Tamil Nadu,Ariyalur,Andimadam,Koovathur,2025,,,,,,,"{""state"": ""Tamil Nadu"", ""district"": ""Ariyalur"", ""block"": ""Andimadam"", ""village"": ""Koovathur"", ""year"": ""2025""}",
2026-02-26T08:08:35.142355+00:00,predict_success,Tamil Nadu,Kanniyakumari,Agastheeswaram,Eraviputhoor,2025,27.85,Good,26.0-32.65,0.7,Low Risk,0.5-0.9,"{""state"": ""Tamil Nadu"", ""district"": ""Kanniyakumari"", ""block"": ""Agastheeswaram"", ""village"": ""Eraviputhoor"", ""year"": ""2025""}","{""district"": ""Kanniyakumari"", ""block"": ""Agastheeswaram"", ""village"": ""Eraviputhoor"", ""year"": 2025, ""wqi"": {""class"": ""Good"", ""value"": 27.85, ""range"": [26.0, 32.65]}, ""hhi"": {""class"": ""Low Risk"", ""value"": 0.7, ""range"": [0.5, 0.9]}, ""trend"": [{""year"": 2020, ""wqi_value"": 27.34, ""hhi_value"": 0.68, ""wqi_class"": ""Good"", ""hhi_class"": ""Low Risk""}, {""year"": 2021, ""wqi_value"": 28.44, ""hhi_value"": 0.71, ""wqi_class"": ""Good"", ""hhi_class"": ""Low Risk""}, {""year"": 2022, ""wqi_value"": 27.77, ""hhi_value"": 0.69, ""wqi_class"": ""Good"", ""hhi_class"": ""Low Risk""}, {""year"": 2023, ""wqi_value"": 27.56, ""hhi_value"": 0.69, ""wqi_class"": ""Good"", ""hhi_class"": ""Low Risk""}, {""year"": 2024, ""wqi_value"": 27.59, ""hhi_value"": 0.69, ""wqi_class"": ""Good"", ""hhi_class"": ""Low Risk""}, {""year"": 2025, ""wqi_value"": 27.85, ""hhi_value"": 0.7, ""wqi_class"": ""Good"", ""hhi_class"": ""Low Risk""}, {""year"": 2026, ""wqi_value"": 27.68, ""hhi_value"": 0.69, ""wqi_class"": ""Good"", ""hhi_class"": ""Low Risk""}, {""year"": 2027, ""wqi_value"": 27.72, ""hhi_value"": 0.69, ""wqi_class"": ""Good"", ""hhi_class"": ""Low Risk""}, {""year"": 2028, ""wqi_value"": 27.75, ""hhi_value"": 0.69, ""wqi_class"": ""Good"", ""hhi_class"": ""Low Risk""}, {""year"": 2029, ""wqi_value"": 27.79, ""hhi_value"": 0.69, ""wqi_class"": ""Good"", ""hhi_class"": ""Low Risk""}, {""year"": 2030, ""wqi_value"": 27.82, ""hhi_value"": 0.7, ""wqi_class"": ""Good"", ""hhi_class"": ""Low Risk""}]}"
2026-02-26T08:08:36.360851+00:00,predict_client,Tamil Nadu,Kanniyakumari,Agastheeswaram,Eraviputhoor,2025,,,,,,,"{""state"": ""Tamil Nadu"", ""district"": ""Kanniyakumari"", ""block"": ""Agastheeswaram"", ""village"": ""Eraviputhoor"", ""year"": ""2025""}",
2026-02-26T08:08:56.683589+00:00,predict_success,Tamil Nadu,Kanniyakumari,Agastheeswaram,Eraviputhoor,2042,28.25,Good,26.0-33.05,0.71,Low Risk,0.51-0.91,"{""state"": ""Tamil Nadu"", ""district"": ""Kanniyakumari"", ""block"": ""Agastheeswaram"", ""village"": ""Eraviputhoor"", ""year"": ""2042""}","{""district"": ""Kanniyakumari"", ""block"": ""Agastheeswaram"", ""village"": ""Eraviputhoor"", ""year"": 2042, ""wqi"": {""class"": ""Good"", ""value"": 28.25, ""range"": [26.0, 33.05]}, ""hhi"": {""class"": ""Low Risk"", ""value"": 0.71, ""range"": [0.51, 0.91]}, ""trend"": [{""year"": 2037, ""wqi_value"": 28.07, ""hhi_value"": 0.7, ""wqi_class"": ""Good"", ""hhi_class"": ""Low Risk""}, {""year"": 2038, ""wqi_value"": 28.11, ""hhi_value"": 0.7, ""wqi_class"": ""Good"", ""hhi_class"": ""Low Risk""}, {""year"": 2039, ""wqi_value"": 28.15, ""hhi_value"": 0.7, ""wqi_class"": ""Good"", ""hhi_class"": ""Low Risk""}, {""year"": 2040, ""wqi_value"": 28.18, ""hhi_value"": 0.7, ""wqi_class"": ""Good"", ""hhi_class"": ""Low Risk""}, {""year"": 2041, ""wqi_value"": 28.22, ""hhi_value"": 0.71, ""wqi_class"": ""Good"", ""hhi_class"": ""Low Risk""}, {""year"": 2042, ""wqi_value"": 28.25, ""hhi_value"": 0.71, ""wqi_class"": ""Good"", ""hhi_class"": ""Low Risk""}, {""year"": 2043, ""wqi_value"": 28.29, ""hhi_value"": 0.71, ""wqi_class"": ""Good"", ""hhi_class"": ""Low Risk""}, {""year"": 2044, ""wqi_value"": 28.33, ""hhi_value"": 0.71, ""wqi_class"": ""Good"", ""hhi_class"": ""Low Risk""}, {""year"": 2045, ""wqi_value"": 28.36, ""hhi_value"": 0.71, ""wqi_class"": ""Good"", ""hhi_class"": ""Low Risk""}, {""year"": 2046, ""wqi_value"": 28.4, ""hhi_value"": 0.71, ""wqi_class"": ""Good"", ""hhi_class"": ""Low Risk""}, {""year"": 2047, ""wqi_value"": 28.43, ""hhi_value"": 0.71, ""wqi_class"": ""Good"", ""hhi_class"": ""Low Risk""}]}"
2026-02-26T08:08:57.903898+00:00,predict_client,Tamil Nadu,Kanniyakumari,Agastheeswaram,Eraviputhoor,2042,,,,,,,"{""state"": ""Tamil Nadu"", ""district"": ""Kanniyakumari"", ""block"": ""Agastheeswaram"", ""village"": ""Eraviputhoor"", ""year"": ""2042""}",
2026-02-26T08:09:57.662976+00:00,predict_success,Tamil Nadu,Kanniyakumari,Agastheeswaram,Eraviputhoor,2042,28.25,Good,26.0-33.05,0.71,Low Risk,0.51-0.91,"{""state"": ""Tamil Nadu"", ""district"": ""Kanniyakumari"", ""block"": ""Agastheeswaram"", ""village"": ""Eraviputhoor"", ""year"": ""2042""}","{""district"": ""Kanniyakumari"", ""block"": ""Agastheeswaram"", ""village"": ""Eraviputhoor"", ""year"": 2042, ""wqi"": {""class"": ""Good"", ""value"": 28.25, ""range"": [26.0, 33.05]}, ""hhi"": {""class"": ""Low Risk"", ""value"": 0.71, ""range"": [0.51, 0.91]}, ""trend"": [{""year"": 2037, ""wqi_value"": 28.07, ""hhi_value"": 0.7, ""wqi_class"": ""Good"", ""hhi_class"": ""Low Risk""}, {""year"": 2038, ""wqi_value"": 28.11, ""hhi_value"": 0.7, ""wqi_class"": ""Good"", ""hhi_class"": ""Low Risk""}, {""year"": 2039, ""wqi_value"": 28.15, ""hhi_value"": 0.7, ""wqi_class"": ""Good"", ""hhi_class"": ""Low Risk""}, {""year"": 2040, ""wqi_value"": 28.18, ""hhi_value"": 0.7, ""wqi_class"": ""Good"", ""hhi_class"": ""Low Risk""}, {""year"": 2041, ""wqi_value"": 28.22, ""hhi_value"": 0.71, ""wqi_class"": ""Good"", ""hhi_class"": ""Low Risk""}, {""year"": 2042, ""wqi_value"": 28.25, ""hhi_value"": 0.71, ""wqi_class"": ""Good"", ""hhi_class"": ""Low Risk""}, {""year"": 2043, ""wqi_value"": 28.29, ""hhi_value"": 0.71, ""wqi_class"": ""Good"", ""hhi_class"": ""Low Risk""}, {""year"": 2044, ""wqi_value"": 28.33, ""hhi_value"": 0.71, ""wqi_class"": ""Good"", ""hhi_class"": ""Low Risk""}, {""year"": 2045, ""wqi_value"": 28.36, ""hhi_value"": 0.71, ""wqi_class"": ""Good"", ""hhi_class"": ""Low Risk""}, {""year"": 2046, ""wqi_value"": 28.4, ""hhi_value"": 0.71, ""wqi_class"": ""Good"", ""hhi_class"": ""Low Risk""}, {""year"": 2047, ""wqi_value"": 28.43, ""hhi_value"": 0.71, ""wqi_class"": ""Good"", ""hhi_class"": ""Low Risk""}]}"
2026-02-26T08:09:58.870995+00:00,predict_client,Tamil Nadu,Kanniyakumari,Agastheeswaram,Eraviputhoor,2042,,,,,,,"{""state"": ""Tamil Nadu"", ""district"": ""Kanniyakumari"", ""block"": ""Agastheeswaram"", ""village"": ""Eraviputhoor"", ""year"": ""2042""}",
2026-02-26T08:10:06.533574+00:00,predict_success,Tamil Nadu,Ariyalur,Andimadam,Alagapuram,2025,27.01,Good,26.0-31.81,0.68,Low Risk,0.48-0.88,"{""state"": ""Tamil Nadu"", ""district"": ""Ariyalur"", ""block"": ""Andimadam"", ""village"": ""Alagapuram"", ""year"": ""2025""}","{""district"": ""Ariyalur"", ""block"": ""Andimadam"", ""village"": ""Alagapuram"", ""year"": 2025, ""wqi"": {""class"": ""Good"", ""value"": 27.01, ""range"": [26.0, 31.81]}, ""hhi"": {""class"": ""Low Risk"", ""value"": 0.68, ""range"": [0.48, 0.88]}, ""trend"": [{""year"": 2020, ""wqi_value"": 26.51, ""hhi_value"": 0.66, ""wqi_class"": ""Good"", ""hhi_class"": ""Low Risk""}, {""year"": 2021, ""wqi_value"": 27.31, ""hhi_value"": 0.68, ""wqi_class"": ""Good"", ""hhi_class"": ""Low Risk""}, {""year"": 2022, ""wqi_value"": 26.62, ""hhi_value"": 0.67, ""wqi_class"": ""Good"", ""hhi_class"": ""Low Risk""}, {""year"": 2023, ""wqi_value"": 26.0, ""hhi_value"": 0.65, ""wqi_class"": ""Good"", ""hhi_class"": ""Low Risk""}, {""year"": 2024, ""wqi_value"": 26.95, ""hhi_value"": 0.67, ""wqi_class"": ""Good"", ""hhi_class"": ""Low Risk""}, {""year"": 2025, ""wqi_value"": 27.01, ""hhi_value"": 0.68, ""wqi_class"": ""Good"", ""hhi_class"": ""Low Risk""}, {""year"": 2026, ""wqi_value"": 27.12, ""hhi_value"": 0.68, ""wqi_class"": ""Good"", ""hhi_class"": ""Low Risk""}, {""year"": 2027, ""wqi_value"": 27.16, ""hhi_value"": 0.68, ""wqi_class"": ""Good"", ""hhi_class"": ""Low Risk""}, {""year"": 2028, ""wqi_value"": 27.19, ""hhi_value"": 0.68, ""wqi_class"": ""Good"", ""hhi_class"": ""Low Risk""}, {""year"": 2029, ""wqi_value"": 27.23, ""hhi_value"": 0.68, ""wqi_class"": ""Good"", ""hhi_class"": ""Low Risk""}, {""year"": 2030, ""wqi_value"": 27.27, ""hhi_value"": 0.68, ""wqi_class"": ""Good"", ""hhi_class"": ""Low Risk""}]}"
2026-02-26T08:10:07.753284+00:00,predict_client,Tamil Nadu,Ariyalur,Andimadam,Alagapuram,2025,,,,,,,"{""state"": ""Tamil Nadu"", ""district"": ""Ariyalur"", ""block"": ""Andimadam"", ""village"": ""Alagapuram"", ""year"": ""2025""}",
2026-02-26T08:13:24.302123+00:00,predict_success,Tamil Nadu,Ariyalur,Andimadam,Alagapuram,2025,76.02,Very Poor,76.0-82.02,0.85,Low Risk,0.6-1.0,"{""state"": ""Tamil Nadu"", ""district"": ""Ariyalur"", ""block"": ""Andimadam"", ""village"": ""Alagapuram"", ""year"": ""2025""}","{""district"": ""Ariyalur"", ""block"": ""Andimadam"", ""village"": ""Alagapuram"", ""year"": 2025, ""wqi"": {""class"": ""Very Poor"", ""value"": 76.02, ""range"": [76.0, 82.02]}, ""hhi"": {""class"": ""Low Risk"", ""value"": 0.85, ""range"": [0.6, 1.0]}, ""trend"": [{""year"": 2020, ""wqi_value"": 13.15, ""hhi_value"": 0.56, ""wqi_class"": ""Excellent"", ""hhi_class"": ""Low Risk""}, {""year"": 2021, ""wqi_value"": 76.0, ""hhi_value"": 1.23, ""wqi_class"": ""Very Poor"", ""hhi_class"": ""High Risk""}, {""year"": 2022, ""wqi_value"": 19.26, ""hhi_value"": 0.58, ""wqi_class"": ""Excellent"", ""hhi_class"": ""Low Risk""}, {""year"": 2023, ""wqi_value"": 60.24, ""hhi_value"": 1.0, ""wqi_class"": ""Poor"", ""hhi_class"": ""Low Risk""}, {""year"": 2024, ""wqi_value"": 39.74, ""hhi_value"": 0.52, ""wqi_class"": ""Good"", ""hhi_class"": ""Low Risk""}, {""year"": 2025, ""wqi_value"": 76.02, ""hhi_value"": 0.85, ""wqi_class"": ""Very Poor"", ""hhi_class"": ""Low Risk""}, {""year"": 2026, ""wqi_value"": 16.65, ""hhi_value"": 1.59, ""wqi_class"": ""Excellent"", ""hhi_class"": ""High Risk""}, {""year"": 2027, ""wqi_value"": 42.61, ""hhi_value"": 0.39, ""wqi_class"": ""Good"", ""hhi_class"": ""Low Risk""}, {""year"": 2028, ""wqi_value"": 100.01, ""hhi_value"": 1.0, ""wqi_class"": ""Unsuitable for Drinking"", ""hhi_class"": ""Low Risk""}, {""year"": 2029, ""wqi_value"": 36.65, ""hhi_value"": 1.05, ""wqi_class"": ""Good"", ""hhi_class"": ""High Risk""}, {""year"": 2030, ""wqi_value"": 100.01, ""hhi_value"": 1.19, ""wqi_class"": ""Unsuitable for Drinking"", ""hhi_class"": ""High Risk""}]}"
2026-02-26T08:13:25.525487+00:00,predict_client,Tamil Nadu,Ariyalur,Andimadam,Alagapuram,2025,,,,,,,"{""state"": ""Tamil Nadu"", ""district"": ""Ariyalur"", ""block"": ""Andimadam"", ""village"": ""Alagapuram"", ""year"": ""2025""}",
2026-02-26T08:13:35.011446+00:00,predict_success,Tamil Nadu,Ariyalur,Andimadam,Alagapuram,2041,34.23,Good,28.23-40.23,1.13,High Risk,1.0-1.63,"{""state"": ""Tamil Nadu"", ""district"": ""Ariyalur"", ""block"": ""Andimadam"", ""village"": ""Alagapuram"", ""year"": ""2041""}","{""district"": ""Ariyalur"", ""block"": ""Andimadam"", ""village"": ""Alagapuram"", ""year"": 2041, ""wqi"": {""class"": ""Good"", ""value"": 34.23, ""range"": [28.23, 40.23]}, ""hhi"": {""class"": ""High Risk"", ""value"": 1.13, ""range"": [1.0, 1.63]}, ""trend"": [{""year"": 2036, ""wqi_value"": 79.9, ""hhi_value"": 2.0, ""wqi_class"": ""Very Poor"", ""hhi_class"": ""High Risk""}, {""year"": 2037, ""wqi_value"": 100.01, ""hhi_value"": 1.0, ""wqi_class"": ""Unsuitable for Drinking"", ""hhi_class"": ""Low Risk""}, {""year"": 2038, ""wqi_value"": 56.79, ""hhi_value"": 1.0, ""wqi_class"": ""Poor"", ""hhi_class"": ""Low Risk""}, {""year"": 2039, ""wqi_value"": 100.01, ""hhi_value"": 1.46, ""wqi_class"": ""Unsuitable for Drinking"", ""hhi_class"": ""High Risk""}, {""year"": 2040, ""wqi_value"": 11.19, ""hhi_value"": 1.0, ""wqi_class"": ""Excellent"", ""hhi_class"": ""Threshold Level""}, {""year"": 2041, ""wqi_value"": 34.23, ""hhi_value"": 1.13, ""wqi_class"": ""Good"", ""hhi_class"": ""High Risk""}, {""year"": 2042, ""wqi_value"": 53.03, ""hhi_value"": 1.83, ""wqi_class"": ""Poor"", ""hhi_class"": ""High Risk""}, {""year"": 2043, ""wqi_value"": 41.53, ""hhi_value"": 1.0, ""wqi_class"": ""Good"", ""hhi_class"": ""Low Risk""}, {""year"": 2044, ""wqi_value"": 41.45, ""hhi_value"": 1.11, ""wqi_class"": ""Good"", ""hhi_class"": ""High Risk""}, {""year"": 2045, ""wqi_value"": 60.9, ""hhi_value"": 1.0, ""wqi_class"": ""Poor"", ""hhi_class"": ""Low Risk""}, {""year"": 2046, ""wqi_value"": 76.0, ""hhi_value"": 2.09, ""wqi_class"": ""Very Poor"", ""hhi_class"": ""High Risk""}]}"
2026-02-26T08:13:36.232066+00:00,predict_client,Tamil Nadu,Ariyalur,Andimadam,Alagapuram,2041,,,,,,,"{""state"": ""Tamil Nadu"", ""district"": ""Ariyalur"", ""block"": ""Andimadam"", ""village"": ""Alagapuram"", ""year"": ""2041""}",
2026-02-26T08:13:45.109108+00:00,predict_success,Tamil Nadu,Ariyalur,Andimadam,Nagambandal,2041,22.23,Excellent,15.98-25.0,1.64,High Risk,1.14-2.14,"{""state"": ""Tamil Nadu"", ""district"": ""Ariyalur"", ""block"": ""Andimadam"", ""village"": ""Nagambandal"", ""year"": ""2041""}","{""district"": ""Ariyalur"", ""block"": ""Andimadam"", ""village"": ""Nagambandal"", ""year"": 2041, ""wqi"": {""class"": ""Excellent"", ""value"": 22.23, ""range"": [15.98, 25.0]}, ""hhi"": {""class"": ""High Risk"", ""value"": 1.64, ""range"": [1.14, 2.14]}, ""trend"": [{""year"": 2036, ""wqi_value"": 14.92, ""hhi_value"": 0.45, ""wqi_class"": ""Excellent"", ""hhi_class"": ""Low Risk""}, {""year"": 2037, ""wqi_value"": 77.85, ""hhi_value"": 1.96, ""wqi_class"": ""Very Poor"", ""hhi_class"": ""High Risk""}, {""year"": 2038, ""wqi_value"": 21.95, ""hhi_value"": 1.0, ""wqi_class"": ""Excellent"", ""hhi_class"": ""Low Risk""}, {""year"": 2039, ""wqi_value"": 100.01, ""hhi_value"": 0.24, ""wqi_class"": ""Unsuitable for Drinking"", ""hhi_class"": ""Low Risk""}, {""year"": 2040, ""wqi_value"": 100.01, ""hhi_value"": 1.0, ""wqi_class"": ""Unsuitable for Drinking"", ""hhi_class"": ""Low Risk""}, {""year"": 2041, ""wqi_value"": 22.23, ""hhi_value"": 1.64, ""wqi_class"": ""Excellent"", ""hhi_class"": ""High Risk""}, {""year"": 2042, ""wqi_value"": 80.93, ""hhi_value"": 0.74, ""wqi_class"": ""Very Poor"", ""hhi_class"": ""Low Risk""}, {""year"": 2043, ""wqi_value"": 15.29, ""hhi_value"": 0.67, ""wqi_class"": ""Excellent"", ""hhi_class"": ""Low Risk""}, {""year"": 2044, ""wqi_value"": 33.13, ""hhi_value"": 0.49, ""wqi_class"": ""Good"", ""hhi_class"": ""Low Risk""}, {""year"": 2045, ""wqi_value"": 57.78, ""hhi_value"": 1.55, ""wqi_class"": ""Poor"", ""hhi_class"": ""High Risk""}, {""year"": 2046, ""wqi_value"": 76.0, ""hhi_value"": 0.71, ""wqi_class"": ""Very Poor"", ""hhi_class"": ""Low Risk""}]}"
2026-02-26T08:13:46.328125+00:00,predict_client,Tamil Nadu,Ariyalur,Andimadam,Nagambandal,2041,,,,,,,"{""state"": ""Tamil Nadu"", ""district"": ""Ariyalur"", ""block"": ""Andimadam"", ""village"": ""Nagambandal"", ""year"": ""2041""}",
2026-02-26T08:13:58.851006+00:00,predict_success,Tamil Nadu,Ariyalur,Andimadam,Melur,2041,100.01,Unsuitable for Drinking,100.01-105.01,2.08,High Risk,1.58-2.58,"{""state"": ""Tamil Nadu"", ""district"": ""Ariyalur"", ""block"": ""Andimadam"", ""village"": ""Melur"", ""year"": ""2041""}","{""district"": ""Ariyalur"", ""block"": ""Andimadam"", ""village"": ""Melur"", ""year"": 2041, ""wqi"": {""class"": ""Unsuitable for Drinking"", ""value"": 100.01, ""range"": [100.01, 105.01]}, ""hhi"": {""class"": ""High Risk"", ""value"": 2.08, ""range"": [1.58, 2.58]}, ""trend"": [{""year"": 2036, ""wqi_value"": 76.0, ""hhi_value"": 1.0, ""wqi_class"": ""Very Poor"", ""hhi_class"": ""Low Risk""}, {""year"": 2037, ""wqi_value"": 61.87, ""hhi_value"": 1.11, ""wqi_class"": ""Poor"", ""hhi_class"": ""High Risk""}, {""year"": 2038, ""wqi_value"": 100.01, ""hhi_value"": 1.92, ""wqi_class"": ""Unsuitable for Drinking"", ""hhi_class"": ""High Risk""}, {""year"": 2039, ""wqi_value"": 100.01, ""hhi_value"": 0.42, ""wqi_class"": ""Unsuitable for Drinking"", ""hhi_class"": ""Low Risk""}, {""year"": 2040, ""wqi_value"": 58.63, ""hhi_value"": 1.0, ""wqi_class"": ""Poor"", ""hhi_class"": ""Low Risk""}, {""year"": 2041, ""wqi_value"": 100.01, ""hhi_value"": 2.08, ""wqi_class"": ""Unsuitable for Drinking"", ""hhi_class"": ""High Risk""}, {""year"": 2042, ""wqi_value"": 100.01, ""hhi_value"": 0.41, ""wqi_class"": ""Unsuitable for Drinking"", ""hhi_class"": ""Low Risk""}, {""year"": 2043, ""wqi_value"": 57.4, ""hhi_value"": 0.81, ""wqi_class"": ""Poor"", ""hhi_class"": ""Low Risk""}, {""year"": 2044, ""wqi_value"": 78.96, ""hhi_value"": 2.22, ""wqi_class"": ""Very Poor"", ""hhi_class"": ""High Risk""}, {""year"": 2045, ""wqi_value"": 80.78, ""hhi_value"": 1.01, ""wqi_class"": ""Very Poor"", ""hhi_class"": ""High Risk""}, {""year"": 2046, ""wqi_value"": 38.84, ""hhi_value"": 1.0, ""wqi_class"": ""Good"", ""hhi_class"": ""Low Risk""}]}"
2026-02-26T08:14:00.070773+00:00,predict_client,Tamil Nadu,Ariyalur,Andimadam,Melur,2041,,,,,,,"{""state"": ""Tamil Nadu"", ""district"": ""Ariyalur"", ""block"": ""Andimadam"", ""village"": ""Melur"", ""year"": ""2041""}",
2026-02-26T08:14:05.598397+00:00,predict_success,Tamil Nadu,Madurai,Alanganallur,15-B. METTUPATTI,2041,62.57,Poor,56.57-68.57,1.0,Low Risk,1.0-1.0,"{""state"": ""Tamil Nadu"", ""district"": ""Madurai"", ""block"": ""Alanganallur"", ""village"": ""15-B. METTUPATTI"", ""year"": ""2041""}","{""district"": ""Madurai"", ""block"": ""Alanganallur"", ""village"": ""15-B. METTUPATTI"", ""year"": 2041, ""wqi"": {""class"": ""Poor"", ""value"": 62.57, ""range"": [56.57, 68.57]}, ""hhi"": {""class"": ""Low Risk"", ""value"": 1.0, ""range"": [1.0, 1.0]}, ""trend"": [{""year"": 2036, ""wqi_value"": 100.01, ""hhi_value"": 0.25, ""wqi_class"": ""Unsuitable for Drinking"", ""hhi_class"": ""Low Risk""}, {""year"": 2037, ""wqi_value"": 31.11, ""hhi_value"": 0.36, ""wqi_class"": ""Good"", ""hhi_class"": ""Low Risk""}, {""year"": 2038, ""wqi_value"": 76.01, ""hhi_value"": 2.25, ""wqi_class"": ""Very Poor"", ""hhi_class"": ""High Risk""}, {""year"": 2039, ""wqi_value"": 14.41, ""hhi_value"": 1.43, ""wqi_class"": ""Excellent"", ""hhi_class"": ""High Risk""}, {""year"": 2040, ""wqi_value"": 61.87, ""hhi_value"": 1.18, ""wqi_class"": ""Poor"", ""hhi_class"": ""High Risk""}, {""year"": 2041, ""wqi_value"": 62.57, ""hhi_value"": 1.0, ""wqi_class"": ""Poor"", ""hhi_class"": ""Low Risk""}, {""year"": 2042, ""wqi_value"": 33.67, ""hhi_value"": 1.0, ""wqi_class"": ""Good"", ""hhi_class"": ""Low Risk""}, {""year"": 2043, ""wqi_value"": 27.7, ""hhi_value"": 2.34, ""wqi_class"": ""Good"", ""hhi_class"": ""High Risk""}, {""year"": 2044, ""wqi_value"": 76.0, ""hhi_value"": 1.78, ""wqi_class"": ""Very Poor"", ""hhi_class"": ""High Risk""}, {""year"": 2045, ""wqi_value"": 100.01, ""hhi_value"": 1.34, ""wqi_class"": ""Unsuitable for Drinking"", ""hhi_class"": ""High Risk""}, {""year"": 2046, ""wqi_value"": 62.53, ""hhi_value"": 1.73, ""wqi_class"": ""Poor"", ""hhi_class"": ""High Risk""}]}"
2026-02-26T08:14:06.817440+00:00,predict_client,Tamil Nadu,Madurai,Alanganallur,15-B. METTUPATTI,2041,,,,,,,"{""state"": ""Tamil Nadu"", ""district"": ""Madurai"", ""block"": ""Alanganallur"", ""village"": ""15-B. METTUPATTI"", ""year"": ""2041""}",
2026-02-26T08:14:12.288887+00:00,predict_success,Tamil Nadu,Madurai,Alanganallur,VALAYAPATTI,2041,74.18,Poor,68.18-75.0,2.73,High Risk,2.23-3.0,"{""state"": ""Tamil Nadu"", ""district"": ""Madurai"", ""block"": ""Alanganallur"", ""village"": ""VALAYAPATTI"", ""year"": ""2041""}","{""district"": ""Madurai"", ""block"": ""Alanganallur"", ""village"": ""VALAYAPATTI"", ""year"": 2041, ""wqi"": {""class"": ""Poor"", ""value"": 74.18, ""range"": [68.18, 75.0]}, ""hhi"": {""class"": ""High Risk"", ""value"": 2.73, ""range"": [2.23, 3.0]}, ""trend"": [{""year"": 2036, ""wqi_value"": 50.0, ""hhi_value"": 1.92, ""wqi_class"": ""Good"", ""hhi_class"": ""High Risk""}, {""year"": 2037, ""wqi_value"": 111.86, ""hhi_value"": 1.0, ""wqi_class"": ""Unsuitable for Drinking"", ""hhi_class"": ""Threshold Level""}, {""year"": 2038, ""wqi_value"": 103.62, ""hhi_value"": 1.0, ""wqi_class"": ""Unsuitable for Drinking"", ""hhi_class"": ""Threshold Level""}, {""year"": 2039, ""wqi_value"": 90.42, ""hhi_value"": 1.0, ""wqi_class"": ""Very Poor"", ""hhi_class"": ""Low Risk""}, {""year"": 2040, ""wqi_value"": 92.92, ""hhi_value"": 1.0, ""wqi_class"": ""Very Poor"", ""hhi_class"": ""Threshold Level""}, {""year"": 2041, ""wqi_value"": 74.18, ""hhi_value"": 2.73, ""wqi_class"": ""Poor"", ""hhi_class"": ""High Risk""}, {""year"": 2042, ""wqi_value"": 48.99, ""hhi_value"": 1.96, ""wqi_class"": ""Good"", ""hhi_class"": ""High Risk""}, {""year"": 2043, ""wqi_value"": 107.86, ""hhi_value"": 1.0, ""wqi_class"": ""Unsuitable for Drinking"", ""hhi_class"": ""Threshold Level""}, {""year"": 2044, ""wqi_value"": 25.0, ""hhi_value"": 2.04, ""wqi_class"": ""Excellent"", ""hhi_class"": ""High Risk""}, {""year"": 2045, ""wqi_value"": 50.0, ""hhi_value"": 1.0, ""wqi_class"": ""Good"", ""hhi_class"": ""Threshold Level""}, {""year"": 2046, ""wqi_value"": 25.0, ""hhi_value"": 1.73, ""wqi_class"": ""Excellent"", ""hhi_class"": ""High Risk""}]}"
2026-02-26T08:14:13.505247+00:00,predict_client,Tamil Nadu,Madurai,Alanganallur,VALAYAPATTI,2041,,,,,,,"{""state"": ""Tamil Nadu"", ""district"": ""Madurai"", ""block"": ""Alanganallur"", ""village"": ""VALAYAPATTI"", ""year"": ""2041""}",
2026-02-26T08:14:16.742942+00:00,predict_success,Tamil Nadu,Madurai,Alanganallur,VALAYAPATTI,2041,74.18,Poor,68.18-75.0,2.73,High Risk,2.23-3.0,"{""state"": ""Tamil Nadu"", ""district"": ""Madurai"", ""block"": ""Alanganallur"", ""village"": ""VALAYAPATTI"", ""year"": ""2041""}","{""district"": ""Madurai"", ""block"": ""Alanganallur"", ""village"": ""VALAYAPATTI"", ""year"": 2041, ""wqi"": {""class"": ""Poor"", ""value"": 74.18, ""range"": [68.18, 75.0]}, ""hhi"": {""class"": ""High Risk"", ""value"": 2.73, ""range"": [2.23, 3.0]}, ""trend"": [{""year"": 2036, ""wqi_value"": 50.0, ""hhi_value"": 1.92, ""wqi_class"": ""Good"", ""hhi_class"": ""High Risk""}, {""year"": 2037, ""wqi_value"": 111.86, ""hhi_value"": 1.0, ""wqi_class"": ""Unsuitable for Drinking"", ""hhi_class"": ""Threshold Level""}, {""year"": 2038, ""wqi_value"": 103.62, ""hhi_value"": 1.0, ""wqi_class"": ""Unsuitable for Drinking"", ""hhi_class"": ""Threshold Level""}, {""year"": 2039, ""wqi_value"": 90.42, ""hhi_value"": 1.0, ""wqi_class"": ""Very Poor"", ""hhi_class"": ""Low Risk""}, {""year"": 2040, ""wqi_value"": 92.92, ""hhi_value"": 1.0, ""wqi_class"": ""Very Poor"", ""hhi_class"": ""Threshold Level""}, {""year"": 2041, ""wqi_value"": 74.18, ""hhi_value"": 2.73, ""wqi_class"": ""Poor"", ""hhi_class"": ""High Risk""}, {""year"": 2042, ""wqi_value"": 48.99, ""hhi_value"": 1.96, ""wqi_class"": ""Good"", ""hhi_class"": ""High Risk""}, {""year"": 2043, ""wqi_value"": 107.86, ""hhi_value"": 1.0, ""wqi_class"": ""Unsuitable for Drinking"", ""hhi_class"": ""Threshold Level""}, {""year"": 2044, ""wqi_value"": 25.0, ""hhi_value"": 2.04, ""wqi_class"": ""Excellent"", ""hhi_class"": ""High Risk""}, {""year"": 2045, ""wqi_value"": 50.0, ""hhi_value"": 1.0, ""wqi_class"": ""Good"", ""hhi_class"": ""Threshold Level""}, {""year"": 2046, ""wqi_value"": 25.0, ""hhi_value"": 1.73, ""wqi_class"": ""Excellent"", ""hhi_class"": ""High Risk""}]}"
2026-02-26T08:14:17.960472+00:00,predict_client,Tamil Nadu,Madurai,Alanganallur,VALAYAPATTI,2041,,,,,,,"{""state"": ""Tamil Nadu"", ""district"": ""Madurai"", ""block"": ""Alanganallur"", ""village"": ""VALAYAPATTI"", ""year"": ""2041""}",
2026-02-26T08:14:18.650747+00:00,predict_success,Tamil Nadu,Madurai,Alanganallur,VALAYAPATTI,2041,74.18,Poor,68.18-75.0,2.73,High Risk,2.23-3.0,"{""state"": ""Tamil Nadu"", ""district"": ""Madurai"", ""block"": ""Alanganallur"", ""village"": ""VALAYAPATTI"", ""year"": ""2041""}","{""district"": ""Madurai"", ""block"": ""Alanganallur"", ""village"": ""VALAYAPATTI"", ""year"": 2041, ""wqi"": {""class"": ""Poor"", ""value"": 74.18, ""range"": [68.18, 75.0]}, ""hhi"": {""class"": ""High Risk"", ""value"": 2.73, ""range"": [2.23, 3.0]}, ""trend"": [{""year"": 2036, ""wqi_value"": 50.0, ""hhi_value"": 1.92, ""wqi_class"": ""Good"", ""hhi_class"": ""High Risk""}, {""year"": 2037, ""wqi_value"": 111.86, ""hhi_value"": 1.0, ""wqi_class"": ""Unsuitable for Drinking"", ""hhi_class"": ""Threshold Level""}, {""year"": 2038, ""wqi_value"": 103.62, ""hhi_value"": 1.0, ""wqi_class"": ""Unsuitable for Drinking"", ""hhi_class"": ""Threshold Level""}, {""year"": 2039, ""wqi_value"": 90.42, ""hhi_value"": 1.0, ""wqi_class"": ""Very Poor"", ""hhi_class"": ""Low Risk""}, {""year"": 2040, ""wqi_value"": 92.92, ""hhi_value"": 1.0, ""wqi_class"": ""Very Poor"", ""hhi_class"": ""Threshold Level""}, {""year"": 2041, ""wqi_value"": 74.18, ""hhi_value"": 2.73, ""wqi_class"": ""Poor"", ""hhi_class"": ""High Risk""}, {""year"": 2042, ""wqi_value"": 48.99, ""hhi_value"": 1.96, ""wqi_class"": ""Good"", ""hhi_class"": ""High Risk""}, {""year"": 2043, ""wqi_value"": 107.86, ""hhi_value"": 1.0, ""wqi_class"": ""Unsuitable for Drinking"", ""hhi_class"": ""Threshold Level""}, {""year"": 2044, ""wqi_value"": 25.0, ""hhi_value"": 2.04, ""wqi_class"": ""Excellent"", ""hhi_class"": ""High Risk""}, {""year"": 2045, ""wqi_value"": 50.0, ""hhi_value"": 1.0, ""wqi_class"": ""Good"", ""hhi_class"": ""Threshold Level""}, {""year"": 2046, ""wqi_value"": 25.0, ""hhi_value"": 1.73, ""wqi_class"": ""Excellent"", ""hhi_class"": ""High Risk""}]}"
2026-02-26T08:14:19.870151+00:00,predict_client,Tamil Nadu,Madurai,Alanganallur,VALAYAPATTI,2041,,,,,,,"{""state"": ""Tamil Nadu"", ""district"": ""Madurai"", ""block"": ""Alanganallur"", ""village"": ""VALAYAPATTI"", ""year"": ""2041""}",
2026-02-26T11:29:38.566553+00:00,predict_success,Tamil Nadu,Ariyalur,Andimadam,Alagapuram,2025,37.68,Good,31.68-43.68,0.24,Low Risk,0.0-0.49,"{""state"": ""Tamil Nadu"", ""district"": ""Ariyalur"", ""block"": ""Andimadam"", ""village"": ""Alagapuram"", ""year"": ""2025""}","{""district"": ""Ariyalur"", ""block"": ""Andimadam"", ""village"": ""Alagapuram"", ""year"": 2025, ""wqi"": {""class"": ""Good"", ""value"": 37.68, ""range"": [31.68, 43.68]}, ""hhi"": {""class"": ""Low Risk"", ""value"": 0.24, ""range"": [0.0, 0.49]}, ""trend"": [{""year"": 2020, ""wqi_value"": 13.57, ""hhi_value"": 1.2, ""wqi_class"": ""Excellent"", ""hhi_class"": ""High Risk""}, {""year"": 2021, ""wqi_value"": 39.7, ""hhi_value"": 2.14, ""wqi_class"": ""Good"", ""hhi_class"": ""High Risk""}, {""year"": 2022, ""wqi_value"": 100.01, ""hhi_value"": 1.64, ""wqi_class"": ""Unsuitable for Drinking"", ""hhi_class"": ""High Risk""}, {""year"": 2023, ""wqi_value"": 76.0, ""hhi_value"": 1.87, ""wqi_class"": ""Very Poor"", ""hhi_class"": ""High Risk""}, {""year"": 2024, ""wqi_value"": 77.49, ""hhi_value"": 0.27, ""wqi_class"": ""Very Poor"", ""hhi_class"": ""Low Risk""}, {""year"": 2025, ""wqi_value"": 37.68, ""hhi_value"": 0.24, ""wqi_class"": ""Good"", ""hhi_class"": ""Low Risk""}, {""year"": 2026, ""wqi_value"": 100.01, ""hhi_value"": 1.0, ""wqi_class"": ""Unsuitable for Drinking"", ""hhi_class"": ""Low Risk""}, {""year"": 2027, ""wqi_value"": 53.87, ""hhi_value"": 0.38, ""wqi_class"": ""Poor"", ""hhi_class"": ""Low Risk""}, {""year"": 2028, ""wqi_value"": 76.0, ""hhi_value"": 1.67, ""wqi_class"": ""Very Poor"", ""hhi_class"": ""High Risk""}, {""year"": 2029, ""wqi_value"": 76.0, ""hhi_value"": 1.0, ""wqi_class"": ""Very Poor"", ""hhi_class"": ""Low Risk""}, {""year"": 2030, ""wqi_value"": 41.08, ""hhi_value"": 0.52, ""wqi_class"": ""Good"", ""hhi_class"": ""Low Risk""}]}"
2026-02-26T11:29:39.783053+00:00,predict_client,Tamil Nadu,Ariyalur,Andimadam,Alagapuram,2025,,,,,,,"{""state"": ""Tamil Nadu"", ""district"": ""Ariyalur"", ""block"": ""Andimadam"", ""village"": ""Alagapuram"", ""year"": ""2025""}",
2026-02-26T11:50:40.472959+00:00,predict_success,Tamil Nadu,Ariyalur,Andimadam,Alagapuram,2025,35.2,Good,29.2-41.2,1.42,High Risk,1.0-1.92,"{""state"": ""Tamil Nadu"", ""district"": ""Ariyalur"", ""block"": ""Andimadam"", ""village"": ""Alagapuram"", ""year"": ""2025""}","{""district"": ""Ariyalur"", ""block"": ""Andimadam"", ""village"": ""Alagapuram"", ""year"": 2025, ""wqi"": {""class"": ""Good"", ""value"": 35.2, ""range"": [29.2, 41.2]}, ""hhi"": {""class"": ""High Risk"", ""value"": 1.42, ""range"": [1.0, 1.92]}, ""trend"": [{""year"": 2020, ""wqi_value"": 100.01, ""hhi_value"": 1.0, ""wqi_class"": ""Unsuitable for Drinking"", ""hhi_class"": ""Low Risk""}, {""year"": 2021, ""wqi_value"": 12.76, ""hhi_value"": 0.73, ""wqi_class"": ""Excellent"", ""hhi_class"": ""Low Risk""}, {""year"": 2022, ""wqi_value"": 54.02, ""hhi_value"": 1.04, ""wqi_class"": ""Poor"", ""hhi_class"": ""High Risk""}, {""year"": 2023, ""wqi_value"": 78.19, ""hhi_value"": 0.67, ""wqi_class"": ""Very Poor"", ""hhi_class"": ""Low Risk""}, {""year"": 2024, ""wqi_value"": 32.94, ""hhi_value"": 1.0, ""wqi_class"": ""Good"", ""hhi_class"": ""Low Risk""}, {""year"": 2025, ""wqi_value"": 35.2, ""hhi_value"": 1.42, ""wqi_class"": ""Good"", ""hhi_class"": ""High Risk""}, {""year"": 2026, ""wqi_value"": 30.74, ""hhi_value"": 0.47, ""wqi_class"": ""Good"", ""hhi_class"": ""Low Risk""}, {""year"": 2027, ""wqi_value"": 37.89, ""hhi_value"": 1.0, ""wqi_class"": ""Good"", ""hhi_class"": ""Low Risk""}, {""year"": 2028, ""wqi_value"": 76.0, ""hhi_value"": 1.0, ""wqi_class"": ""Very Poor"", ""hhi_class"": ""Low Risk""}, {""year"": 2029, ""wqi_value"": 32.57, ""hhi_value"": 0.84, ""wqi_class"": ""Good"", ""hhi_class"": ""Low Risk""}, {""year"": 2030, ""wqi_value"": 100.01, ""hhi_value"": 1.8, ""wqi_class"": ""Unsuitable for Drinking"", ""hhi_class"": ""High Risk""}]}"
2026-02-26T11:50:41.699166+00:00,predict_client,Tamil Nadu,Ariyalur,Andimadam,Alagapuram,2025,,,,,,,"{""state"": ""Tamil Nadu"", ""district"": ""Ariyalur"", ""block"": ""Andimadam"", ""village"": ""Alagapuram"", ""year"": ""2025""}",
2026-02-26T11:52:45.896723+00:00,predict_success,Tamil Nadu,Nagapattinam,Keelaiyur,CHINNATHUMBUR,2025,28.06,Good,26.0-34.06,0.66,Low Risk,0.41-0.91,"{""state"": ""Tamil Nadu"", ""district"": ""Nagapattinam"", ""block"": ""Keelaiyur"", ""village"": ""CHINNATHUMBUR"", ""year"": ""2025""}","{""district"": ""Nagapattinam"", ""block"": ""Keelaiyur"", ""village"": ""CHINNATHUMBUR"", ""year"": 2025, ""wqi"": {""class"": ""Good"", ""value"": 28.06, ""range"": [26.0, 34.06]}, ""hhi"": {""class"": ""Low Risk"", ""value"": 0.66, ""range"": [0.41, 0.91]}, ""trend"": [{""year"": 2020, ""wqi_value"": 51.0, ""hhi_value"": 1.08, ""wqi_class"": ""Poor"", ""hhi_class"": ""High Risk""}, {""year"": 2021, ""wqi_value"": 34.85, ""hhi_value"": 1.0, ""wqi_class"": ""Good"", ""hhi_class"": ""Low Risk""}, {""year"": 2022, ""wqi_value"": 18.17, ""hhi_value"": 0.19, ""wqi_class"": ""Excellent"", ""hhi_class"": ""Low Risk""}, {""year"": 2023, ""wqi_value"": 51.0, ""hhi_value"": 1.0, ""wqi_class"": ""Poor"", ""hhi_class"": ""Low Risk""}, {""year"": 2024, ""wqi_value"": 39.58, ""hhi_value"": 1.0, ""wqi_class"": ""Good"", ""hhi_class"": ""Low Risk""}, {""year"": 2025, ""wqi_value"": 28.06, ""hhi_value"": 0.66, ""wqi_class"": ""Good"", ""hhi_class"": ""Low Risk""}, {""year"": 2026, ""wqi_value"": 54.65, ""hhi_value"": 1.74, ""wqi_class"": ""Poor"", ""hhi_class"": ""High Risk""}, {""year"": 2027, ""wqi_value"": 76.0, ""hhi_value"": 1.0, ""wqi_class"": ""Very Poor"", ""hhi_class"": ""Low Risk""}, {""year"": 2028, ""wqi_value"": 55.33, ""hhi_value"": 0.74, ""wqi_class"": ""Poor"", ""hhi_class"": ""Low Risk""}, {""year"": 2029, ""wqi_value"": 100.01, ""hhi_value"": 1.0, ""wqi_class"": ""Unsuitable for Drinking"", ""hhi_class"": ""Low Risk""}, {""year"": 2030, ""wqi_value"": 76.34, ""hhi_value"": 0.31, ""wqi_class"": ""Very Poor"", ""hhi_class"": ""Low Risk""}]}"
2026-02-26T11:52:47.117387+00:00,predict_client,Tamil Nadu,Nagapattinam,Keelaiyur,CHINNATHUMBUR,2025,,,,,,,"{""state"": ""Tamil Nadu"", ""district"": ""Nagapattinam"", ""block"": ""Keelaiyur"", ""village"": ""CHINNATHUMBUR"", ""year"": ""2025""}",
2026-02-26T11:55:25.967218+00:00,calc_wqi,Tamil Nadu,Ariyalur,,,2025,,,,,,,"{""state"": ""Tamil Nadu"", ""district"": ""Ariyalur"", ""year"": ""2025"", ""inputs"": {""ph"": 3, ""do"": 3, ""tds"": 3, ""no3"": 3, ""cl"": 3, ""f"": 3}, ""output"": ""WQI: 120.72 - 120.00 - Unsuitable for Drinking""}",
2026-02-26T11:55:53.575758+00:00,calc_wqi,Tamil Nadu,Ariyalur,,,2025,,,,,,,"{""state"": ""Tamil Nadu"", ""district"": ""Ariyalur"", ""year"": ""2025"", ""inputs"": {""ph"": 30, ""do"": 300, ""tds"": 300, ""no3"": 300300, ""cl"": 300, ""f"": 300}, ""output"": ""WQI: 27401.82 - 120.00 - Unsuitable for Drinking""}",
2026-02-26T11:57:37.528159+00:00,predict_success,Tamil Nadu,Ariyalur,Andimadam,Alagapuram,2025,35.2,Good,29.2-41.2,1.42,High Risk,1.0-1.92,"{""state"": ""Tamil Nadu"", ""district"": ""Ariyalur"", ""block"": ""Andimadam"", ""village"": ""Alagapuram"", ""year"": ""2025""}","{""district"": ""Ariyalur"", ""block"": ""Andimadam"", ""village"": ""Alagapuram"", ""year"": 2025, ""wqi"": {""class"": ""Good"", ""value"": 35.2, ""range"": [29.2, 41.2]}, ""hhi"": {""class"": ""High Risk"", ""value"": 1.42, ""range"": [1.0, 1.92]}, ""trend"": [{""year"": 2020, ""wqi_value"": 100.01, ""hhi_value"": 1.0, ""wqi_class"": ""Unsuitable for Drinking"", ""hhi_class"": ""Low Risk""}, {""year"": 2021, ""wqi_value"": 12.76, ""hhi_value"": 0.73, ""wqi_class"": ""Excellent"", ""hhi_class"": ""Low Risk""}, {""year"": 2022, ""wqi_value"": 54.02, ""hhi_value"": 1.04, ""wqi_class"": ""Poor"", ""hhi_class"": ""High Risk""}, {""year"": 2023, ""wqi_value"": 78.19, ""hhi_value"": 0.67, ""wqi_class"": ""Very Poor"", ""hhi_class"": ""Low Risk""}, {""year"": 2024, ""wqi_value"": 32.94, ""hhi_value"": 1.0, ""wqi_class"": ""Good"", ""hhi_class"": ""Low Risk""}, {""year"": 2025, ""wqi_value"": 35.2, ""hhi_value"": 1.42, ""wqi_class"": ""Good"", ""hhi_class"": ""High Risk""}, {""year"": 2026, ""wqi_value"": 30.74, ""hhi_value"": 0.47, ""wqi_class"": ""Good"", ""hhi_class"": ""Low Risk""}, {""year"": 2027, ""wqi_value"": 37.89, ""hhi_value"": 1.0, ""wqi_class"": ""Good"", ""hhi_class"": ""Low Risk""}, {""year"": 2028, ""wqi_value"": 76.0, ""hhi_value"": 1.0, ""wqi_class"": ""Very Poor"", ""hhi_class"": ""Low Risk""}, {""year"": 2029, ""wqi_value"": 32.57, ""hhi_value"": 0.84, ""wqi_class"": ""Good"", ""hhi_class"": ""Low Risk""}, {""year"": 2030, ""wqi_value"": 100.01, ""hhi_value"": 1.8, ""wqi_class"": ""Unsuitable for Drinking"", ""hhi_class"": ""High Risk""}]}"
2026-02-26T11:57:38.753668+00:00,predict_client,Tamil Nadu,Ariyalur,Andimadam,Alagapuram,2025,,,,,,,"{""state"": ""Tamil Nadu"", ""district"": ""Ariyalur"", ""block"": ""Andimadam"", ""village"": ""Alagapuram"", ""year"": ""2025""}",
2026-02-26T12:19:29.902316+00:00,predict_success,Tamil Nadu,Karur,Aravakurichi,Alamarathupatti,2025,51.0,Poor,51.0-57.0,1.0,Threshold Level,1.0-1.0,"{""state"": ""Tamil Nadu"", ""district"": ""Karur"", ""block"": ""Aravakurichi"", ""village"": ""Alamarathupatti"", ""year"": ""2025""}","{""district"": ""Karur"", ""block"": ""Aravakurichi"", ""village"": ""Alamarathupatti"", ""year"": 2025, ""wqi"": {""class"": ""Poor"", ""value"": 51.0, ""range"": [51.0, 57.0]}, ""hhi"": {""class"": ""Threshold Level"", ""value"": 1.0, ""range"": [1.0, 1.0]}, ""trend"": [{""year"": 2020, ""wqi_value"": 35.91, ""hhi_value"": 1.2, ""wqi_class"": ""Good"", ""hhi_class"": ""High Risk""}, {""year"": 2021, ""wqi_value"": 27.23, ""hhi_value"": 2.25, ""wqi_class"": ""Good"", ""hhi_class"": ""High Risk""}, {""year"": 2022, ""wqi_value"": 56.82, ""hhi_value"": 0.68, ""wqi_class"": ""Poor"", ""hhi_class"": ""Low Risk""}, {""year"": 2023, ""wqi_value"": 100.01, ""hhi_value"": 1.0, ""wqi_class"": ""Unsuitable for Drinking"", ""hhi_class"": ""Low Risk""}, {""year"": 2024, ""wqi_value"": 100.01, ""hhi_value"": 1.0, ""wqi_class"": ""Unsuitable for Drinking"", ""hhi_class"": ""Low Risk""}, {""year"": 2025, ""wqi_value"": 51.0, ""hhi_value"": 1.0, ""wqi_class"": ""Poor"", ""hhi_class"": ""Threshold Level""}, {""year"": 2026, ""wqi_value"": 21.43, ""hhi_value"": 0.64, ""wqi_class"": ""Excellent"", ""hhi_class"": ""Low Risk""}, {""year"": 2027, ""wqi_value"": 15.64, ""hhi_value"": 1.0, ""wqi_class"": ""Excellent"", ""hhi_class"": ""Low Risk""}, {""year"": 2028, ""wqi_value"": 13.44, ""hhi_value"": 1.0, ""wqi_class"": ""Excellent"", ""hhi_class"": ""Low Risk""}, {""year"": 2029, ""wqi_value"": 31.97, ""hhi_value"": 1.21, ""wqi_class"": ""Good"", ""hhi_class"": ""High Risk""}, {""year"": 2030, ""wqi_value"": 38.06, ""hhi_value"": 1.25, ""wqi_class"": ""Good"", ""hhi_class"": ""High Risk""}]}"
2026-02-26T12:19:31.136310+00:00,predict_client,Tamil Nadu,Karur,Aravakurichi,Alamarathupatti,2025,,,,,,,"{""state"": ""Tamil Nadu"", ""district"": ""Karur"", ""block"": ""Aravakurichi"", ""village"": ""Alamarathupatti"", ""year"": ""2025""}",
2026-02-26T12:22:22.609035+00:00,predict_success,Tamil Nadu,Karur,Aravakurichi,Alamarathupatti,2025,51.0,Poor,51.0-57.0,1.0,Threshold Level,1.0-1.0,"{""state"": ""Tamil Nadu"", ""district"": ""Karur"", ""block"": ""Aravakurichi"", ""village"": ""Alamarathupatti"", ""year"": ""2025""}","{""district"": ""Karur"", ""block"": ""Aravakurichi"", ""village"": ""Alamarathupatti"", ""year"": 2025, ""wqi"": {""class"": ""Poor"", ""value"": 51.0, ""range"": [51.0, 57.0]}, ""hhi"": {""class"": ""Threshold Level"", ""value"": 1.0, ""range"": [1.0, 1.0]}, ""trend"": [{""year"": 2020, ""wqi_value"": 35.91, ""hhi_value"": 1.2, ""wqi_class"": ""Good"", ""hhi_class"": ""High Risk""}, {""year"": 2021, ""wqi_value"": 27.23, ""hhi_value"": 2.25, ""wqi_class"": ""Good"", ""hhi_class"": ""High Risk""}, {""year"": 2022, ""wqi_value"": 56.82, ""hhi_value"": 0.68, ""wqi_class"": ""Poor"", ""hhi_class"": ""Low Risk""}, {""year"": 2023, ""wqi_value"": 100.01, ""hhi_value"": 1.0, ""wqi_class"": ""Unsuitable for Drinking"", ""hhi_class"": ""Low Risk""}, {""year"": 2024, ""wqi_value"": 100.01, ""hhi_value"": 1.0, ""wqi_class"": ""Unsuitable for Drinking"", ""hhi_class"": ""Low Risk""}, {""year"": 2025, ""wqi_value"": 51.0, ""hhi_value"": 1.0, ""wqi_class"": ""Poor"", ""hhi_class"": ""Threshold Level""}, {""year"": 2026, ""wqi_value"": 21.43, ""hhi_value"": 0.64, ""wqi_class"": ""Excellent"", ""hhi_class"": ""Low Risk""}, {""year"": 2027, ""wqi_value"": 15.64, ""hhi_value"": 1.0, ""wqi_class"": ""Excellent"", ""hhi_class"": ""Low Risk""}, {""year"": 2028, ""wqi_value"": 13.44, ""hhi_value"": 1.0, ""wqi_class"": ""Excellent"", ""hhi_class"": ""Low Risk""}, {""year"": 2029, ""wqi_value"": 31.97, ""hhi_value"": 1.21, ""wqi_class"": ""Good"", ""hhi_class"": ""High Risk""}, {""year"": 2030, ""wqi_value"": 38.06, ""hhi_value"": 1.25, ""wqi_class"": ""Good"", ""hhi_class"": ""High Risk""}]}"
2026-02-26T12:22:23.844095+00:00,predict_client,Tamil Nadu,Karur,Aravakurichi,Alamarathupatti,2025,,,,,,,"{""state"": ""Tamil Nadu"", ""district"": ""Karur"", ""block"": ""Aravakurichi"", ""village"": ""Alamarathupatti"", ""year"": ""2025""}",
2026-02-26T12:22:35.373990+00:00,predict_success,Tamil Nadu,Karur,Aravakurichi,Alamarathupatti,2033,51.08,Poor,51.0-57.08,1.0,Low Risk,1.0-1.0,"{""state"": ""Tamil Nadu"", ""district"": ""Karur"", ""block"": ""Aravakurichi"", ""village"": ""Alamarathupatti"", ""year"": ""2033""}","{""district"": ""Karur"", ""block"": ""Aravakurichi"", ""village"": ""Alamarathupatti"", ""year"": 2033, ""wqi"": {""class"": ""Poor"", ""value"": 51.08, ""range"": [51.0, 57.08]}, ""hhi"": {""class"": ""Low Risk"", ""value"": 1.0, ""range"": [1.0, 1.0]}, ""trend"": [{""year"": 2028, ""wqi_value"": 13.44, ""hhi_value"": 1.0, ""wqi_class"": ""Excellent"", ""hhi_class"": ""Low Risk""}, {""year"": 2029, ""wqi_value"": 31.97, ""hhi_value"": 1.21, ""wqi_class"": ""Good"", ""hhi_class"": ""High Risk""}, {""year"": 2030, ""wqi_value"": 38.06, ""hhi_value"": 1.25, ""wqi_class"": ""Good"", ""hhi_class"": ""High Risk""}, {""year"": 2031, ""wqi_value"": 100.01, ""hhi_value"": 0.22, ""wqi_class"": ""Unsuitable for Drinking"", ""hhi_class"": ""Low Risk""}, {""year"": 2032, ""wqi_value"": 17.98, ""hhi_value"": 1.5, ""wqi_class"": ""Excellent"", ""hhi_class"": ""High Risk""}, {""year"": 2033, ""wqi_value"": 51.08, ""hhi_value"": 1.0, ""wqi_class"": ""Poor"", ""hhi_class"": ""Low Risk""}, {""year"": 2034, ""wqi_value"": 76.0, ""hhi_value"": 1.0, ""wqi_class"": ""Very Poor"", ""hhi_class"": ""Low Risk""}, {""year"": 2035, ""wqi_value"": 8.87, ""hhi_value"": 1.0, ""wqi_class"": ""Excellent"", ""hhi_class"": ""Low Risk""}, {""year"": 2036, ""wqi_value"": 77.48, ""hhi_value"": 1.0, ""wqi_class"": ""Very Poor"", ""hhi_class"": ""Low Risk""}, {""year"": 2037, ""wqi_value"": 39.39, ""hhi_value"": 1.0, ""wqi_class"": ""Good"", ""hhi_class"": ""Low Risk""}, {""year"": 2038, ""wqi_value"": 76.0, ""hhi_value"": 1.0, ""wqi_class"": ""Very Poor"", ""hhi_class"": ""Low Risk""}]}"
2026-02-26T12:22:36.604322+00:00,predict_client,Tamil Nadu,Karur,Aravakurichi,Alamarathupatti,2033,,,,,,,"{""state"": ""Tamil Nadu"", ""district"": ""Karur"", ""block"": ""Aravakurichi"", ""village"": ""Alamarathupatti"", ""year"": ""2033""}",
2026-02-26T12:22:43.553241+00:00,predict_success,Tamil Nadu,Karur,Aravakurichi,Alamarathupatti,2039,76.0,Very Poor,76.0-82.0,1.0,Low Risk,1.0-1.0,"{""state"": ""Tamil Nadu"", ""district"": ""Karur"", ""block"": ""Aravakurichi"", ""village"": ""Alamarathupatti"", ""year"": ""2039""}","{""district"": ""Karur"", ""block"": ""Aravakurichi"", ""village"": ""Alamarathupatti"", ""year"": 2039, ""wqi"": {""class"": ""Very Poor"", ""value"": 76.0, ""range"": [76.0, 82.0]}, ""hhi"": {""class"": ""Low Risk"", ""value"": 1.0, ""range"": [1.0, 1.0]}, ""trend"": [{""year"": 2034, ""wqi_value"": 76.0, ""hhi_value"": 1.0, ""wqi_class"": ""Very Poor"", ""hhi_class"": ""Low Risk""}, {""year"": 2035, ""wqi_value"": 8.87, ""hhi_value"": 1.0, ""wqi_class"": ""Excellent"", ""hhi_class"": ""Low Risk""}, {""year"": 2036, ""wqi_value"": 77.48, ""hhi_value"": 1.0, ""wqi_class"": ""Very Poor"", ""hhi_class"": ""Low Risk""}, {""year"": 2037, ""wqi_value"": 39.39, ""hhi_value"": 1.0, ""wqi_class"": ""Good"", ""hhi_class"": ""Low Risk""}, {""year"": 2038, ""wqi_value"": 76.0, ""hhi_value"": 1.0, ""wqi_class"": ""Very Poor"", ""hhi_class"": ""Low Risk""}, {""year"": 2039, ""wqi_value"": 76.0, ""hhi_value"": 1.0, ""wqi_class"": ""Very Poor"", ""hhi_class"": ""Low Risk""}, {""year"": 2040, ""wqi_value"": 76.0, ""hhi_value"": 0.49, ""wqi_class"": ""Very Poor"", ""hhi_class"": ""Low Risk""}, {""year"": 2041, ""wqi_value"": 76.0, ""hhi_value"": 2.11, ""wqi_class"": ""Very Poor"", ""hhi_class"": ""High Risk""}, {""year"": 2042, ""wqi_value"": 37.83, ""hhi_value"": 1.76, ""wqi_class"": ""Good"", ""hhi_class"": ""High Risk""}, {""year"": 2043, ""wqi_value"": 100.01, ""hhi_value"": 1.0, ""wqi_class"": ""Unsuitable for Drinking"", ""hhi_class"": ""Low Risk""}, {""year"": 2044, ""wqi_value"": 51.0, ""hhi_value"": 1.0, ""wqi_class"": ""Poor"", ""hhi_class"": ""Low Risk""}]}"
2026-02-26T12:22:44.787913+00:00,predict_client,Tamil Nadu,Karur,Aravakurichi,Alamarathupatti,2039,,,,,,,"{""state"": ""Tamil Nadu"", ""district"": ""Karur"", ""block"": ""Aravakurichi"", ""village"": ""Alamarathupatti"", ""year"": ""2039""}",
2026-02-26T12:22:50.798526+00:00,predict_success,Tamil Nadu,Dindigul,Athoor,Akkaraipatti,2039,77.64,Very Poor,76.0-83.64,1.18,High Risk,1.0-1.68,"{""state"": ""Tamil Nadu"", ""district"": ""Dindigul"", ""block"": ""Athoor"", ""village"": ""Akkaraipatti"", ""year"": ""2039""}","{""district"": ""Dindigul"", ""block"": ""Athoor"", ""village"": ""Akkaraipatti"", ""year"": 2039, ""wqi"": {""class"": ""Very Poor"", ""value"": 77.64, ""range"": [76.0, 83.64]}, ""hhi"": {""class"": ""High Risk"", ""value"": 1.18, ""range"": [1.0, 1.68]}, ""trend"": [{""year"": 2034, ""wqi_value"": 76.0, ""hhi_value"": 1.73, ""wqi_class"": ""Very Poor"", ""hhi_class"": ""High Risk""}, {""year"": 2035, ""wqi_value"": 51.0, ""hhi_value"": 1.0, ""wqi_class"": ""Poor"", ""hhi_class"": ""Low Risk""}, {""year"": 2036, ""wqi_value"": 76.0, ""hhi_value"": 0.5, ""wqi_class"": ""Very Poor"", ""hhi_class"": ""Low Risk""}, {""year"": 2037, ""wqi_value"": 76.0, ""hhi_value"": 1.0, ""wqi_class"": ""Very Poor"", ""hhi_class"": ""Low Risk""}, {""year"": 2038, ""wqi_value"": 19.13, ""hhi_value"": 0.43, ""wqi_class"": ""Excellent"", ""hhi_class"": ""Low Risk""}, {""year"": 2039, ""wqi_value"": 77.64, ""hhi_value"": 1.18, ""wqi_class"": ""Very Poor"", ""hhi_class"": ""High Risk""}, {""year"": 2040, ""wqi_value"": 28.87, ""hhi_value"": 0.36, ""wqi_class"": ""Good"", ""hhi_class"": ""Low Risk""}, {""year"": 2041, ""wqi_value"": 21.85, ""hhi_value"": 0.62, ""wqi_class"": ""Excellent"", ""hhi_class"": ""Low Risk""}, {""year"": 2042, ""wqi_value"": 52.17, ""hhi_value"": 1.4, ""wqi_class"": ""Poor"", ""hhi_class"": ""High Risk""}, {""year"": 2043, ""wqi_value"": 76.0, ""hhi_value"": 1.0, ""wqi_class"": ""Very Poor"", ""hhi_class"": ""Low Risk""}, {""year"": 2044, ""wqi_value"": 40.75, ""hhi_value"": 1.0, ""wqi_class"": ""Good"", ""hhi_class"": ""Low Risk""}]}"
2026-02-26T12:22:52.035273+00:00,predict_client,Tamil Nadu,Dindigul,Athoor,Akkaraipatti,2039,,,,,,,"{""state"": ""Tamil Nadu"", ""district"": ""Dindigul"", ""block"": ""Athoor"", ""village"": ""Akkaraipatti"", ""year"": ""2039""}",
2026-02-26T12:22:56.602539+00:00,predict_success,Tamil Nadu,Dindigul,Athoor,Akkaraipatti,2028,100.01,Unsuitable for Drinking,100.01-105.01,1.0,Threshold Level,1.0-1.0,"{""state"": ""Tamil Nadu"", ""district"": ""Dindigul"", ""block"": ""Athoor"", ""village"": ""Akkaraipatti"", ""year"": ""2028""}","{""district"": ""Dindigul"", ""block"": ""Athoor"", ""village"": ""Akkaraipatti"", ""year"": 2028, ""wqi"": {""class"": ""Unsuitable for Drinking"", ""value"": 100.01, ""range"": [100.01, 105.01]}, ""hhi"": {""class"": ""Threshold Level"", ""value"": 1.0, ""range"": [1.0, 1.0]}, ""trend"": [{""year"": 2023, ""wqi_value"": 77.48, ""hhi_value"": 1.0, ""wqi_class"": ""Very Poor"", ""hhi_class"": ""Low Risk""}, {""year"": 2024, ""wqi_value"": 55.33, ""hhi_value"": 1.0, ""wqi_class"": ""Poor"", ""hhi_class"": ""Low Risk""}, {""year"": 2025, ""wqi_value"": 57.17, ""hhi_value"": 1.0, ""wqi_class"": ""Poor"", ""hhi_class"": ""Threshold Level""}, {""year"": 2026, ""wqi_value"": 100.01, ""hhi_value"": 1.66, ""wqi_class"": ""Unsuitable for Drinking"", ""hhi_class"": ""High Risk""}, {""year"": 2027, ""wqi_value"": 76.0, ""hhi_value"": 0.74, ""wqi_class"": ""Very Poor"", ""hhi_class"": ""Low Risk""}, {""year"": 2028, ""wqi_value"": 100.01, ""hhi_value"": 1.0, ""wqi_class"": ""Unsuitable for Drinking"", ""hhi_class"": ""Threshold Level""}, {""year"": 2029, ""wqi_value"": 36.67, ""hhi_value"": 1.0, ""wqi_class"": ""Good"", ""hhi_class"": ""Low Risk""}, {""year"": 2030, ""wqi_value"": 26.0, ""hhi_value"": 1.77, ""wqi_class"": ""Good"", ""hhi_class"": ""High Risk""}, {""year"": 2031, ""wqi_value"": 100.01, ""hhi_value"": 1.0, ""wqi_class"": ""Unsuitable for Drinking"", ""hhi_class"": ""Low Risk""}, {""year"": 2032, ""wqi_value"": 53.52, ""hhi_value"": 1.9, ""wqi_class"": ""Poor"", ""hhi_class"": ""High Risk""}, {""year"": 2033, ""wqi_value"": 76.0, ""hhi_value"": 1.0, ""wqi_class"": ""Very Poor"", ""hhi_class"": ""Threshold Level""}]}"
2026-02-26T12:22:57.836427+00:00,predict_client,Tamil Nadu,Dindigul,Athoor,Akkaraipatti,2028,,,,,,,"{""state"": ""Tamil Nadu"", ""district"": ""Dindigul"", ""block"": ""Athoor"", ""village"": ""Akkaraipatti"", ""year"": ""2028""}",
2026-02-26T12:23:54.355214+00:00,predict_success,Tamil Nadu,Coimbatore,Anaimalai,Angalakurichi,2028,100.01,Unsuitable for Drinking,100.01-105.01,0.43,Low Risk,0.18-0.68,"{""state"": ""Tamil Nadu"", ""district"": ""Coimbatore"", ""block"": ""Anaimalai"", ""village"": ""Angalakurichi"", ""year"": ""2028""}","{""district"": ""Coimbatore"", ""block"": ""Anaimalai"", ""village"": ""Angalakurichi"", ""year"": 2028, ""wqi"": {""class"": ""Unsuitable for Drinking"", ""value"": 100.01, ""range"": [100.01, 105.01]}, ""hhi"": {""class"": ""Low Risk"", ""value"": 0.43, ""range"": [0.18, 0.68]}, ""trend"": [{""year"": 2023, ""wqi_value"": 100.01, ""hhi_value"": 1.85, ""wqi_class"": ""Unsuitable for Drinking"", ""hhi_class"": ""High Risk""}, {""year"": 2024, ""wqi_value"": 33.45, ""hhi_value"": 0.41, ""wqi_class"": ""Good"", ""hhi_class"": ""Low Risk""}, {""year"": 2025, ""wqi_value"": 19.14, ""hhi_value"": 0.23, ""wqi_class"": ""Excellent"", ""hhi_class"": ""Low Risk""}, {""year"": 2026, ""wqi_value"": 35.6, ""hhi_value"": 1.0, ""wqi_class"": ""Good"", ""hhi_class"": ""Low Risk""}, {""year"": 2027, ""wqi_value"": 10.0, ""hhi_value"": 1.06, ""wqi_class"": ""Excellent"", ""hhi_class"": ""High Risk""}, {""year"": 2028, ""wqi_value"": 100.01, ""hhi_value"": 0.43, ""wqi_class"": ""Unsuitable for Drinking"", ""hhi_class"": ""Low Risk""}, {""year"": 2029, ""wqi_value"": 60.43, ""hhi_value"": 0.49, ""wqi_class"": ""Poor"", ""hhi_class"": ""Low Risk""}, {""year"": 2030, ""wqi_value"": 76.0, ""hhi_value"": 1.87, ""wqi_class"": ""Very Poor"", ""hhi_class"": ""High Risk""}, {""year"": 2031, ""wqi_value"": 76.0, ""hhi_value"": 1.96, ""wqi_class"": ""Very Poor"", ""hhi_class"": ""High Risk""}, {""year"": 2032, ""wqi_value"": 23.6, ""hhi_value"": 0.44, ""wqi_class"": ""Excellent"", ""hhi_class"": ""Low Risk""}, {""year"": 2033, ""wqi_value"": 34.49, ""hhi_value"": 1.0, ""wqi_class"": ""Good"", ""hhi_class"": ""Low Risk""}]}"
2026-02-26T12:23:55.580991+00:00,predict_client,Tamil Nadu,Coimbatore,Anaimalai,Angalakurichi,2028,,,,,,,"{""state"": ""Tamil Nadu"", ""district"": ""Coimbatore"", ""block"": ""Anaimalai"", ""village"": ""Angalakurichi"", ""year"": ""2028""}",
2026-02-26T12:24:14.650331+00:00,predict_success,Tamil Nadu,Coimbatore,Karamadai,BELLATHI,2035,106.46,Unsuitable for Drinking,101.47-111.46,2.09,High Risk,1.59-2.59,"{""state"": ""Tamil Nadu"", ""district"": ""Coimbatore"", ""block"": ""Karamadai"", ""village"": ""BELLATHI"", ""year"": ""2035""}","{""district"": ""Coimbatore"", ""block"": ""Karamadai"", ""village"": ""BELLATHI"", ""year"": 2035, ""wqi"": {""class"": ""Unsuitable for Drinking"", ""value"": 106.46, ""range"": [101.47, 111.46]}, ""hhi"": {""class"": ""High Risk"", ""value"": 2.09, ""range"": [1.59, 2.59]}, ""trend"": [{""year"": 2030, ""wqi_value"": 92.34, ""hhi_value"": 0.97, ""wqi_class"": ""Very Poor"", ""hhi_class"": ""Low Risk""}, {""year"": 2031, ""wqi_value"": 25.0, ""hhi_value"": 2.43, ""wqi_class"": ""Excellent"", ""hhi_class"": ""High Risk""}, {""year"": 2032, ""wqi_value"": 73.55, ""hhi_value"": 1.0, ""wqi_class"": ""Poor"", ""hhi_class"": ""Low Risk""}, {""year"": 2033, ""wqi_value"": 74.23, ""hhi_value"": 1.0, ""wqi_class"": ""Poor"", ""hhi_class"": ""Threshold Level""}, {""year"": 2034, ""wqi_value"": 25.0, ""hhi_value"": 1.0, ""wqi_class"": ""Excellent"", ""hhi_class"": ""Low Risk""}, {""year"": 2035, ""wqi_value"": 106.46, ""hhi_value"": 2.09, ""wqi_class"": ""Unsuitable for Drinking"", ""hhi_class"": ""High Risk""}, {""year"": 2036, ""wqi_value"": 92.53, ""hhi_value"": 1.0, ""wqi_class"": ""Very Poor"", ""hhi_class"": ""Threshold Level""}, {""year"": 2037, ""wqi_value"": 25.0, ""hhi_value"": 1.0, ""wqi_class"": ""Excellent"", ""hhi_class"": ""Threshold Level""}, {""year"": 2038, ""wqi_value"": 75.0, ""hhi_value"": 2.27, ""wqi_class"": ""Poor"", ""hhi_class"": ""High Risk""}, {""year"": 2039, ""wqi_value"": 70.87, ""hhi_value"": 1.0, ""wqi_class"": ""Poor"", ""hhi_class"": ""Threshold Level""}, {""year"": 2040, ""wqi_value"": 115.0, ""hhi_value"": 1.0, ""wqi_class"": ""Unsuitable for Drinking"", ""hhi_class"": ""Threshold Level""}]}"
2026-02-26T12:24:15.885581+00:00,predict_client,Tamil Nadu,Coimbatore,Karamadai,BELLATHI,2035,,,,,,,"{""state"": ""Tamil Nadu"", ""district"": ""Coimbatore"", ""block"": ""Karamadai"", ""village"": ""BELLATHI"", ""year"": ""2035""}",
2026-02-26T12:24:31.488852+00:00,predict_success,Tamil Nadu,Coimbatore,Karamadai,MOODUTHURAI,2035,18.21,Excellent,11.96-24.46,1.98,High Risk,1.48-2.48,"{""state"": ""Tamil Nadu"", ""district"": ""Coimbatore"", ""block"": ""Karamadai"", ""village"": ""MOODUTHURAI"", ""year"": ""2035""}","{""district"": ""Coimbatore"", ""block"": ""Karamadai"", ""village"": ""MOODUTHURAI"", ""year"": 2035, ""wqi"": {""class"": ""Excellent"", ""value"": 18.21, ""range"": [11.96, 24.46]}, ""hhi"": {""class"": ""High Risk"", ""value"": 1.98, ""range"": [1.48, 2.48]}, ""trend"": [{""year"": 2030, ""wqi_value"": 76.27, ""hhi_value"": 1.0, ""wqi_class"": ""Very Poor"", ""hhi_class"": ""Low Risk""}, {""year"": 2031, ""wqi_value"": 17.74, ""hhi_value"": 0.75, ""wqi_class"": ""Excellent"", ""hhi_class"": ""Low Risk""}, {""year"": 2032, ""wqi_value"": 100.01, ""hhi_value"": 0.75, ""wqi_class"": ""Unsuitable for Drinking"", ""hhi_class"": ""Low Risk""}, {""year"": 2033, ""wqi_value"": 55.35, ""hhi_value"": 1.49, ""wqi_class"": ""Poor"", ""hhi_class"": ""High Risk""}, {""year"": 2034, ""wqi_value"": 51.0, ""hhi_value"": 1.0, ""wqi_class"": ""Poor"", ""hhi_class"": ""Low Risk""}, {""year"": 2035, ""wqi_value"": 18.21, ""hhi_value"": 1.98, ""wqi_class"": ""Excellent"", ""hhi_class"": ""High Risk""}, {""year"": 2036, ""wqi_value"": 33.44, ""hhi_value"": 0.77, ""wqi_class"": ""Good"", ""hhi_class"": ""Low Risk""}, {""year"": 2037, ""wqi_value"": 17.89, ""hhi_value"": 1.0, ""wqi_class"": ""Excellent"", ""hhi_class"": ""Low Risk""}, {""year"": 2038, ""wqi_value"": 19.92, ""hhi_value"": 1.0, ""wqi_class"": ""Excellent"", ""hhi_class"": ""Low Risk""}, {""year"": 2039, ""wqi_value"": 11.62, ""hhi_value"": 1.0, ""wqi_class"": ""Excellent"", ""hhi_class"": ""Low Risk""}, {""year"": 2040, ""wqi_value"": 55.53, ""hhi_value"": 1.95, ""wqi_class"": ""Poor"", ""hhi_class"": ""High Risk""}]}"
2026-02-26T12:24:32.717796+00:00,predict_client,Tamil Nadu,Coimbatore,Karamadai,MOODUTHURAI,2035,,,,,,,"{""state"": ""Tamil Nadu"", ""district"": ""Coimbatore"", ""block"": ""Karamadai"", ""village"": ""MOODUTHURAI"", ""year"": ""2035""}",
2026-02-26T12:25:20.265779+00:00,predict_success,Tamil Nadu,The Nilgiris,Coonoor,Bandishola,2050,100.01,Unsuitable for Drinking,100.01-105.01,1.0,Low Risk,1.0-1.0,"{""state"": ""Tamil Nadu"", ""district"": ""The Nilgiris"", ""block"": ""Coonoor"", ""village"": ""Bandishola"", ""year"": ""2050""}","{""district"": ""The Nilgiris"", ""block"": ""Coonoor"", ""village"": ""Bandishola"", ""year"": 2050, ""wqi"": {""class"": ""Unsuitable for Drinking"", ""value"": 100.01, ""range"": [100.01, 105.01]}, ""hhi"": {""class"": ""Low Risk"", ""value"": 1.0, ""range"": [1.0, 1.0]}, ""trend"": [{""year"": 2045, ""wqi_value"": 60.92, ""hhi_value"": 1.0, ""wqi_class"": ""Poor"", ""hhi_class"": ""Low Risk""}, {""year"": 2046, ""wqi_value"": 100.01, ""hhi_value"": 1.0, ""wqi_class"": ""Unsuitable for Drinking"", ""hhi_class"": ""Low Risk""}, {""year"": 2047, ""wqi_value"": 42.16, ""hhi_value"": 2.15, ""wqi_class"": ""Good"", ""hhi_class"": ""High Risk""}, {""year"": 2048, ""wqi_value"": 76.0, ""hhi_value"": 0.33, ""wqi_class"": ""Very Poor"", ""hhi_class"": ""Low Risk""}, {""year"": 2049, ""wqi_value"": 18.33, ""hhi_value"": 1.43, ""wqi_class"": ""Excellent"", ""hhi_class"": ""High Risk""}, {""year"": 2050, ""wqi_value"": 100.01, ""hhi_value"": 1.0, ""wqi_class"": ""Unsuitable for Drinking"", ""hhi_class"": ""Low Risk""}]}"
2026-02-26T12:25:21.498612+00:00,predict_client,Tamil Nadu,The Nilgiris,Coonoor,Bandishola,2050,,,,,,,"{""state"": ""Tamil Nadu"", ""district"": ""The Nilgiris"", ""block"": ""Coonoor"", ""village"": ""Bandishola"", ""year"": ""2050""}",
2026-02-26T12:25:39.133451+00:00,predict_success,Tamil Nadu,The Nilgiris,Coonoor,Bandishola,2040,14.6,Excellent,8.35-20.85,0.51,Low Risk,0.26-0.76,"{""state"": ""Tamil Nadu"", ""district"": ""The Nilgiris"", ""block"": ""Coonoor"", ""village"": ""Bandishola"", ""year"": ""2040""}","{""district"": ""The Nilgiris"", ""block"": ""Coonoor"", ""village"": ""Bandishola"", ""year"": 2040, ""wqi"": {""class"": ""Excellent"", ""value"": 14.6, ""range"": [8.35, 20.85]}, ""hhi"": {""class"": ""Low Risk"", ""value"": 0.51, ""range"": [0.26, 0.76]}, ""trend"": [{""year"": 2035, ""wqi_value"": 26.94, ""hhi_value"": 0.43, ""wqi_class"": ""Good"", ""hhi_class"": ""Low Risk""}, {""year"": 2036, ""wqi_value"": 16.8, ""hhi_value"": 1.56, ""wqi_class"": ""Excellent"", ""hhi_class"": ""High Risk""}, {""year"": 2037, ""wqi_value"": 16.53, ""hhi_value"": 1.91, ""wqi_class"": ""Excellent"", ""hhi_class"": ""High Risk""}, {""year"": 2038, ""wqi_value"": 51.0, ""hhi_value"": 1.0, ""wqi_class"": ""Poor"", ""hhi_class"": ""Low Risk""}, {""year"": 2039, ""wqi_value"": 76.0, ""hhi_value"": 1.0, ""wqi_class"": ""Very Poor"", ""hhi_class"": ""Low Risk""}, {""year"": 2040, ""wqi_value"": 14.6, ""hhi_value"": 0.51, ""wqi_class"": ""Excellent"", ""hhi_class"": ""Low Risk""}, {""year"": 2041, ""wqi_value"": 7.39, ""hhi_value"": 0.66, ""wqi_class"": ""Excellent"", ""hhi_class"": ""Low Risk""}, {""year"": 2042, ""wqi_value"": 34.09, ""hhi_value"": 0.83, ""wqi_class"": ""Good"", ""hhi_class"": ""Low Risk""}, {""year"": 2043, ""wqi_value"": 100.01, ""hhi_value"": 0.22, ""wqi_class"": ""Unsuitable for Drinking"", ""hhi_class"": ""Low Risk""}, {""year"": 2044, ""wqi_value"": 55.77, ""hhi_value"": 0.3, ""wqi_class"": ""Poor"", ""hhi_class"": ""Low Risk""}, {""year"": 2045, ""wqi_value"": 60.92, ""hhi_value"": 1.0, ""wqi_class"": ""Poor"", ""hhi_class"": ""Low Risk""}]}"
2026-02-26T12:25:40.358572+00:00,predict_client,Tamil Nadu,The Nilgiris,Coonoor,Bandishola,2040,,,,,,,"{""state"": ""Tamil Nadu"", ""district"": ""The Nilgiris"", ""block"": ""Coonoor"", ""village"": ""Bandishola"", ""year"": ""2040""}",
2026-02-26T12:25:54.220423+00:00,predict_success,Tamil Nadu,The Nilgiris,Coonoor,Beratty,2040,57.28,Poor,51.28-63.28,1.22,High Risk,1.0-1.72,"{""state"": ""Tamil Nadu"", ""district"": ""The Nilgiris"", ""block"": ""Coonoor"", ""village"": ""Beratty"", ""year"": ""2040""}","{""district"": ""The Nilgiris"", ""block"": ""Coonoor"", ""village"": ""Beratty"", ""year"": 2040, ""wqi"": {""class"": ""Poor"", ""value"": 57.28, ""range"": [51.28, 63.28]}, ""hhi"": {""class"": ""High Risk"", ""value"": 1.22, ""range"": [1.0, 1.72]}, ""trend"": [{""year"": 2035, ""wqi_value"": 54.58, ""hhi_value"": 1.0, ""wqi_class"": ""Poor"", ""hhi_class"": ""Low Risk""}, {""year"": 2036, ""wqi_value"": 35.49, ""hhi_value"": 1.0, ""wqi_class"": ""Good"", ""hhi_class"": ""Low Risk""}, {""year"": 2037, ""wqi_value"": 20.4, ""hhi_value"": 1.0, ""wqi_class"": ""Excellent"", ""hhi_class"": ""Low Risk""}, {""year"": 2038, ""wqi_value"": 18.6, ""hhi_value"": 1.0, ""wqi_class"": ""Excellent"", ""hhi_class"": ""Low Risk""}, {""year"": 2039, ""wqi_value"": 76.0, ""hhi_value"": 1.0, ""wqi_class"": ""Very Poor"", ""hhi_class"": ""Low Risk""}, {""year"": 2040, ""wqi_value"": 57.28, ""hhi_value"": 1.22, ""wqi_class"": ""Poor"", ""hhi_class"": ""High Risk""}, {""year"": 2041, ""wqi_value"": 100.01, ""hhi_value"": 0.42, ""wqi_class"": ""Unsuitable for Drinking"", ""hhi_class"": ""Low Risk""}, {""year"": 2042, ""wqi_value"": 30.8, ""hhi_value"": 1.1, ""wqi_class"": ""Good"", ""hhi_class"": ""High Risk""}, {""year"": 2043, ""wqi_value"": 15.26, ""hhi_value"": 1.07, ""wqi_class"": ""Excellent"", ""hhi_class"": ""High Risk""}, {""year"": 2044, ""wqi_value"": 51.0, ""hhi_value"": 0.76, ""wqi_class"": ""Poor"", ""hhi_class"": ""Low Risk""}, {""year"": 2045, ""wqi_value"": 76.0, ""hhi_value"": 1.0, ""wqi_class"": ""Very Poor"", ""hhi_class"": ""Low Risk""}]}"
2026-02-26T12:25:55.448620+00:00,predict_client,Tamil Nadu,The Nilgiris,Coonoor,Beratty,2040,,,,,,,"{""state"": ""Tamil Nadu"", ""district"": ""The Nilgiris"", ""block"": ""Coonoor"", ""village"": ""Beratty"", ""year"": ""2040""}",
2026-02-26T12:26:19.961616+00:00,predict_success,Tamil Nadu,Kancheepuram,Kancheepuram,Angambakkam,2043,13.32,Excellent,7.07-19.57,1.12,High Risk,1.0-1.62,"{""state"": ""Tamil Nadu"", ""district"": ""Kancheepuram"", ""block"": ""Kancheepuram"", ""village"": ""Angambakkam"", ""year"": ""2043""}","{""district"": ""Kancheepuram"", ""block"": ""Kancheepuram"", ""village"": ""Angambakkam"", ""year"": 2043, ""wqi"": {""class"": ""Excellent"", ""value"": 13.32, ""range"": [7.07, 19.57]}, ""hhi"": {""class"": ""High Risk"", ""value"": 1.12, ""range"": [1.0, 1.62]}, ""trend"": [{""year"": 2038, ""wqi_value"": 51.88, ""hhi_value"": 1.99, ""wqi_class"": ""Poor"", ""hhi_class"": ""High Risk""}, {""year"": 2039, ""wqi_value"": 100.01, ""hhi_value"": 0.22, ""wqi_class"": ""Unsuitable for Drinking"", ""hhi_class"": ""Low Risk""}, {""year"": 2040, ""wqi_value"": 10.73, ""hhi_value"": 1.0, ""wqi_class"": ""Excellent"", ""hhi_class"": ""Low Risk""}, {""year"": 2041, ""wqi_value"": 76.49, ""hhi_value"": 0.16, ""wqi_class"": ""Very Poor"", ""hhi_class"": ""Low Risk""}, {""year"": 2042, ""wqi_value"": 19.18, ""hhi_value"": 0.49, ""wqi_class"": ""Excellent"", ""hhi_class"": ""Low Risk""}, {""year"": 2043, ""wqi_value"": 13.32, ""hhi_value"": 1.12, ""wqi_class"": ""Excellent"", ""hhi_class"": ""High Risk""}, {""year"": 2044, ""wqi_value"": 19.6, ""hhi_value"": 1.0, ""wqi_class"": ""Excellent"", ""hhi_class"": ""Low Risk""}, {""year"": 2045, ""wqi_value"": 51.22, ""hhi_value"": 1.0, ""wqi_class"": ""Poor"", ""hhi_class"": ""Low Risk""}, {""year"": 2046, ""wqi_value"": 37.27, ""hhi_value"": 1.56, ""wqi_class"": ""Good"", ""hhi_class"": ""High Risk""}, {""year"": 2047, ""wqi_value"": 100.01, ""hhi_value"": 1.68, ""wqi_class"": ""Unsuitable for Drinking"", ""hhi_class"": ""High Risk""}, {""year"": 2048, ""wqi_value"": 22.01, ""hhi_value"": 0.18, ""wqi_class"": ""Excellent"", ""hhi_class"": ""Low Risk""}]}"
2026-02-26T12:26:21.188649+00:00,predict_client,Tamil Nadu,Kancheepuram,Kancheepuram,Angambakkam,2043,,,,,,,"{""state"": ""Tamil Nadu"", ""district"": ""Kancheepuram"", ""block"": ""Kancheepuram"", ""village"": ""Angambakkam"", ""year"": ""2043""}",
2026-02-26T12:43:13.470442+00:00,predict_success,Tamil Nadu,Dindigul,Athoor,Akkaraipatti,2025,100.01,Unsuitable for Drinking,100.01-105.01,1.37,High Risk,1.0-1.87,"{""state"": ""Tamil Nadu"", ""district"": ""Dindigul"", ""block"": ""Athoor"", ""village"": ""Akkaraipatti"", ""year"": ""2025""}","{""district"": ""Dindigul"", ""block"": ""Athoor"", ""village"": ""Akkaraipatti"", ""year"": 2025, ""wqi"": {""class"": ""Unsuitable for Drinking"", ""value"": 100.01, ""range"": [100.01, 105.01]}, ""hhi"": {""class"": ""High Risk"", ""value"": 1.37, ""range"": [1.0, 1.87]}, ""trend"": [{""year"": 2020, ""wqi_value"": 76.22, ""hhi_value"": 0.43, ""wqi_class"": ""Very Poor"", ""hhi_class"": ""Low Risk""}, {""year"": 2021, ""wqi_value"": 57.28, ""hhi_value"": 1.0, ""wqi_class"": ""Poor"", ""hhi_class"": ""Low Risk""}, {""year"": 2022, ""wqi_value"": 19.44, ""hhi_value"": 1.0, ""wqi_class"": ""Excellent"", ""hhi_class"": ""Low Risk""}, {""year"": 2023, ""wqi_value"": 57.54, ""hhi_value"": 1.0, ""wqi_class"": ""Poor"", ""hhi_class"": ""Low Risk""}, {""year"": 2024, ""wqi_value"": 51.0, ""hhi_value"": 2.21, ""wqi_class"": ""Poor"", ""hhi_class"": ""High Risk""}, {""year"": 2025, ""wqi_value"": 100.01, ""hhi_value"": 1.37, ""wqi_class"": ""Unsuitable for Drinking"", ""hhi_class"": ""High Risk""}, {""year"": 2026, ""wqi_value"": 76.0, ""hhi_value"": 1.0, ""wqi_class"": ""Very Poor"", ""hhi_class"": ""Low Risk""}, {""year"": 2027, ""wqi_value"": 55.32, ""hhi_value"": 0.61, ""wqi_class"": ""Poor"", ""hhi_class"": ""Low Risk""}, {""year"": 2028, ""wqi_value"": 26.0, ""hhi_value"": 1.33, ""wqi_class"": ""Good"", ""hhi_class"": ""High Risk""}, {""year"": 2029, ""wqi_value"": 76.0, ""hhi_value"": 1.28, ""wqi_class"": ""Very Poor"", ""hhi_class"": ""High Risk""}, {""year"": 2030, ""wqi_value"": 100.01, ""hhi_value"": 1.84, ""wqi_class"": ""Unsuitable for Drinking"", ""hhi_class"": ""High Risk""}]}"
2026-02-26T12:43:14.692559+00:00,predict_client,Tamil Nadu,Dindigul,Athoor,Akkaraipatti,2025,,,,,,,"{""state"": ""Tamil Nadu"", ""district"": ""Dindigul"", ""block"": ""Athoor"", ""village"": ""Akkaraipatti"", ""year"": ""2025""}",
2026-02-26T12:43:22.883409+00:00,predict_success,Tamil Nadu,Dindigul,Athoor,Akkaraipatti,2025,100.01,Unsuitable for Drinking,100.01-105.01,1.37,High Risk,1.0-1.87,"{""state"": ""Tamil Nadu"", ""district"": ""Dindigul"", ""block"": ""Athoor"", ""village"": ""Akkaraipatti"", ""year"": ""2025""}","{""district"": ""Dindigul"", ""block"": ""Athoor"", ""village"": ""Akkaraipatti"", ""year"": 2025, ""wqi"": {""class"": ""Unsuitable for Drinking"", ""value"": 100.01, ""range"": [100.01, 105.01]}, ""hhi"": {""class"": ""High Risk"", ""value"": 1.37, ""range"": [1.0, 1.87]}, ""trend"": [{""year"": 2020, ""wqi_value"": 76.22, ""hhi_value"": 0.43, ""wqi_class"": ""Very Poor"", ""hhi_class"": ""Low Risk""}, {""year"": 2021, ""wqi_value"": 57.28, ""hhi_value"": 1.0, ""wqi_class"": ""Poor"", ""hhi_class"": ""Low Risk""}, {""year"": 2022, ""wqi_value"": 19.44, ""hhi_value"": 1.0, ""wqi_class"": ""Excellent"", ""hhi_class"": ""Low Risk""}, {""year"": 2023, ""wqi_value"": 57.54, ""hhi_value"": 1.0, ""wqi_class"": ""Poor"", ""hhi_class"": ""Low Risk""}, {""year"": 2024, ""wqi_value"": 51.0, ""hhi_value"": 2.21, ""wqi_class"": ""Poor"", ""hhi_class"": ""High Risk""}, {""year"": 2025, ""wqi_value"": 100.01, ""hhi_value"": 1.37, ""wqi_class"": ""Unsuitable for Drinking"", ""hhi_class"": ""High Risk""}, {""year"": 2026, ""wqi_value"": 76.0, ""hhi_value"": 1.0, ""wqi_class"": ""Very Poor"", ""hhi_class"": ""Low Risk""}, {""year"": 2027, ""wqi_value"": 55.32, ""hhi_value"": 0.61, ""wqi_class"": ""Poor"", ""hhi_class"": ""Low Risk""}, {""year"": 2028, ""wqi_value"": 26.0, ""hhi_value"": 1.33, ""wqi_class"": ""Good"", ""hhi_class"": ""High Risk""}, {""year"": 2029, ""wqi_value"": 76.0, ""hhi_value"": 1.28, ""wqi_class"": ""Very Poor"", ""hhi_class"": ""High Risk""}, {""year"": 2030, ""wqi_value"": 100.01, ""hhi_value"": 1.84, ""wqi_class"": ""Unsuitable for Drinking"", ""hhi_class"": ""High Risk""}]}"
2026-02-26T12:43:24.110786+00:00,predict_client,Tamil Nadu,Dindigul,Athoor,Akkaraipatti,2025,,,,,,,"{""state"": ""Tamil Nadu"", ""district"": ""Dindigul"", ""block"": ""Athoor"", ""village"": ""Akkaraipatti"", ""year"": ""2025""}",
2026-02-26T12:43:33.613451+00:00,predict_success,Tamil Nadu,Dindigul,Athoor,Akkaraipatti,2026,76.0,Very Poor,76.0-82.0,1.0,Low Risk,1.0-1.0,"{""state"": ""Tamil Nadu"", ""district"": ""Dindigul"", ""block"": ""Athoor"", ""village"": ""Akkaraipatti"", ""year"": ""2026""}","{""district"": ""Dindigul"", ""block"": ""Athoor"", ""village"": ""Akkaraipatti"", ""year"": 2026, ""wqi"": {""class"": ""Very Poor"", ""value"": 76.0, ""range"": [76.0, 82.0]}, ""hhi"": {""class"": ""Low Risk"", ""value"": 1.0, ""range"": [1.0, 1.0]}, ""trend"": [{""year"": 2021, ""wqi_value"": 57.28, ""hhi_value"": 1.0, ""wqi_class"": ""Poor"", ""hhi_class"": ""Low Risk""}, {""year"": 2022, ""wqi_value"": 19.44, ""hhi_value"": 1.0, ""wqi_class"": ""Excellent"", ""hhi_class"": ""Low Risk""}, {""year"": 2023, ""wqi_value"": 57.54, ""hhi_value"": 1.0, ""wqi_class"": ""Poor"", ""hhi_class"": ""Low Risk""}, {""year"": 2024, ""wqi_value"": 51.0, ""hhi_value"": 2.21, ""wqi_class"": ""Poor"", ""hhi_class"": ""High Risk""}, {""year"": 2025, ""wqi_value"": 100.01, ""hhi_value"": 1.37, ""wqi_class"": ""Unsuitable for Drinking"", ""hhi_class"": ""High Risk""}, {""year"": 2026, ""wqi_value"": 76.0, ""hhi_value"": 1.0, ""wqi_class"": ""Very Poor"", ""hhi_class"": ""Low Risk""}, {""year"": 2027, ""wqi_value"": 55.32, ""hhi_value"": 0.61, ""wqi_class"": ""Poor"", ""hhi_class"": ""Low Risk""}, {""year"": 2028, ""wqi_value"": 26.0, ""hhi_value"": 1.33, ""wqi_class"": ""Good"", ""hhi_class"": ""High Risk""}, {""year"": 2029, ""wqi_value"": 76.0, ""hhi_value"": 1.28, ""wqi_class"": ""Very Poor"", ""hhi_class"": ""High Risk""}, {""year"": 2030, ""wqi_value"": 100.01, ""hhi_value"": 1.84, ""wqi_class"": ""Unsuitable for Drinking"", ""hhi_class"": ""High Risk""}, {""year"": 2031, ""wqi_value"": 34.71, ""hhi_value"": 0.24, ""wqi_class"": ""Good"", ""hhi_class"": ""Low Risk""}]}"
2026-02-26T12:43:34.849812+00:00,predict_client,Tamil Nadu,Dindigul,Athoor,Akkaraipatti,2026,,,,,,,"{""state"": ""Tamil Nadu"", ""district"": ""Dindigul"", ""block"": ""Athoor"", ""village"": ""Akkaraipatti"", ""year"": ""2026""}",
2026-02-26T12:43:39.068350+00:00,predict_success,Tamil Nadu,Dindigul,Athoor,Akkaraipatti,2027,55.32,Poor,51.0-61.32,0.61,Low Risk,0.36-0.86,"{""state"": ""Tamil Nadu"", ""district"": ""Dindigul"", ""block"": ""Athoor"", ""village"": ""Akkaraipatti"", ""year"": ""2027""}","{""district"": ""Dindigul"", ""block"": ""Athoor"", ""village"": ""Akkaraipatti"", ""year"": 2027, ""wqi"": {""class"": ""Poor"", ""value"": 55.32, ""range"": [51.0, 61.32]}, ""hhi"": {""class"": ""Low Risk"", ""value"": 0.61, ""range"": [0.36, 0.86]}, ""trend"": [{""year"": 2022, ""wqi_value"": 19.44, ""hhi_value"": 1.0, ""wqi_class"": ""Excellent"", ""hhi_class"": ""Low Risk""}, {""year"": 2023, ""wqi_value"": 57.54, ""hhi_value"": 1.0, ""wqi_class"": ""Poor"", ""hhi_class"": ""Low Risk""}, {""year"": 2024, ""wqi_value"": 51.0, ""hhi_value"": 2.21, ""wqi_class"": ""Poor"", ""hhi_class"": ""High Risk""}, {""year"": 2025, ""wqi_value"": 100.01, ""hhi_value"": 1.37, ""wqi_class"": ""Unsuitable for Drinking"", ""hhi_class"": ""High Risk""}, {""year"": 2026, ""wqi_value"": 76.0, ""hhi_value"": 1.0, ""wqi_class"": ""Very Poor"", ""hhi_class"": ""Low Risk""}, {""year"": 2027, ""wqi_value"": 55.32, ""hhi_value"": 0.61, ""wqi_class"": ""Poor"", ""hhi_class"": ""Low Risk""}, {""year"": 2028, ""wqi_value"": 26.0, ""hhi_value"": 1.33, ""wqi_class"": ""Good"", ""hhi_class"": ""High Risk""}, {""year"": 2029, ""wqi_value"": 76.0, ""hhi_value"": 1.28, ""wqi_class"": ""Very Poor"", ""hhi_class"": ""High Risk""}, {""year"": 2030, ""wqi_value"": 100.01, ""hhi_value"": 1.84, ""wqi_class"": ""Unsuitable for Drinking"", ""hhi_class"": ""High Risk""}, {""year"": 2031, ""wqi_value"": 34.71, ""hhi_value"": 0.24, ""wqi_class"": ""Good"", ""hhi_class"": ""Low Risk""}, {""year"": 2032, ""wqi_value"": 51.0, ""hhi_value"": 1.14, ""wqi_class"": ""Poor"", ""hhi_class"": ""High Risk""}]}"
2026-02-26T12:43:40.297810+00:00,predict_client,Tamil Nadu,Dindigul,Athoor,Akkaraipatti,2027,,,,,,,"{""state"": ""Tamil Nadu"", ""district"": ""Dindigul"", ""block"": ""Athoor"", ""village"": ""Akkaraipatti"", ""year"": ""2027""}",
2026-02-26T12:43:46.213686+00:00,predict_success,Tamil Nadu,Dindigul,Athoor,Akkaraipatti,2025,100.01,Unsuitable for Drinking,100.01-105.01,1.37,High Risk,1.0-1.87,"{""state"": ""Tamil Nadu"", ""district"": ""Dindigul"", ""block"": ""Athoor"", ""village"": ""Akkaraipatti"", ""year"": ""2025""}","{""district"": ""Dindigul"", ""block"": ""Athoor"", ""village"": ""Akkaraipatti"", ""year"": 2025, ""wqi"": {""class"": ""Unsuitable for Drinking"", ""value"": 100.01, ""range"": [100.01, 105.01]}, ""hhi"": {""class"": ""High Risk"", ""value"": 1.37, ""range"": [1.0, 1.87]}, ""trend"": [{""year"": 2020, ""wqi_value"": 76.22, ""hhi_value"": 0.43, ""wqi_class"": ""Very Poor"", ""hhi_class"": ""Low Risk""}, {""year"": 2021, ""wqi_value"": 57.28, ""hhi_value"": 1.0, ""wqi_class"": ""Poor"", ""hhi_class"": ""Low Risk""}, {""year"": 2022, ""wqi_value"": 19.44, ""hhi_value"": 1.0, ""wqi_class"": ""Excellent"", ""hhi_class"": ""Low Risk""}, {""year"": 2023, ""wqi_value"": 57.54, ""hhi_value"": 1.0, ""wqi_class"": ""Poor"", ""hhi_class"": ""Low Risk""}, {""year"": 2024, ""wqi_value"": 51.0, ""hhi_value"": 2.21, ""wqi_class"": ""Poor"", ""hhi_class"": ""High Risk""}, {""year"": 2025, ""wqi_value"": 100.01, ""hhi_value"": 1.37, ""wqi_class"": ""Unsuitable for Drinking"", ""hhi_class"": ""High Risk""}, {""year"": 2026, ""wqi_value"": 76.0, ""hhi_value"": 1.0, ""wqi_class"": ""Very Poor"", ""hhi_class"": ""Low Risk""}, {""year"": 2027, ""wqi_value"": 55.32, ""hhi_value"": 0.61, ""wqi_class"": ""Poor"", ""hhi_class"": ""Low Risk""}, {""year"": 2028, ""wqi_value"": 26.0, ""hhi_value"": 1.33, ""wqi_class"": ""Good"", ""hhi_class"": ""High Risk""}, {""year"": 2029, ""wqi_value"": 76.0, ""hhi_value"": 1.28, ""wqi_class"": ""Very Poor"", ""hhi_class"": ""High Risk""}, {""year"": 2030, ""wqi_value"": 100.01, ""hhi_value"": 1.84, ""wqi_class"": ""Unsuitable for Drinking"", ""hhi_class"": ""High Risk""}]}"
2026-02-26T12:43:47.444251+00:00,predict_client,Tamil Nadu,Dindigul,Athoor,Akkaraipatti,2025,,,,,,,"{""state"": ""Tamil Nadu"", ""district"": ""Dindigul"", ""block"": ""Athoor"", ""village"": ""Akkaraipatti"", ""year"": ""2025""}",
2026-02-26T12:46:20.429536+00:00,groq_bundle_error,Tamil Nadu,Ariyalur,Andimadam,Alagapuram,2025,,,,,,,"{""state"": ""Tamil Nadu"", ""district"": ""Ariyalur"", ""block"": ""Andimadam"", ""village"": ""Alagapuram"", ""year"": 2025, ""scenario"": {""rainfall_change_pct"": 0, ""temperature_change_c"": 0, ""agri_change_pct"": 0, ""population_change_pct"": 0}, ""compare"": {""district"": ""Dharmapuri"", ""year"": 2025}}","{""error"": ""HTTP Error 403: Forbidden""}"
2026-02-26T12:46:41.924069+00:00,groq_bundle_error,Tamil Nadu,Ariyalur,Andimadam,Alagapuram,2025,,,,,,,"{""state"": ""Tamil Nadu"", ""district"": ""Ariyalur"", ""block"": ""Andimadam"", ""village"": ""Alagapuram"", ""year"": 2025, ""scenario"": {""rainfall_change_pct"": 1, ""temperature_change_c"": 1, ""agri_change_pct"": 1, ""population_change_pct"": 1}, ""compare"": {""district"": ""Dharmapuri"", ""year"": 2025}}","{""error"": ""HTTP Error 403: Forbidden""}"
2026-02-26T12:47:29.416765+00:00,groq_bundle_error,Tamil Nadu,Ariyalur,Andimadam,A,2026,,,,,,,"{""block"": ""Andimadam"", ""compare"": {""district"": ""Ariyalur"", ""year"": 2026}, ""district"": ""Ariyalur"", ""scenario"": {}, ""state"": ""Tamil Nadu"", ""village"": ""A"", ""year"": 2026}","{""error"": ""Groq API key is not configured. Set GROQ_API_KEY or groq.api_key in config.yaml.""}"
2026-02-26T12:49:24.336690+00:00,groq_bundle_error,Tamil Nadu,Ariyalur,Andimadam,Alagapuram,2025,,,,,,,"{""state"": ""Tamil Nadu"", ""district"": ""Ariyalur"", ""block"": ""Andimadam"", ""village"": ""Alagapuram"", ""year"": 2025, ""scenario"": {""rainfall_change_pct"": 0, ""temperature_change_c"": 0, ""agri_change_pct"": 0, ""population_change_pct"": 0}, ""compare"": {""district"": ""Ariyalur"", ""year"": 2025}}","{""error"": ""HTTP Error 403: Forbidden""}"
2026-02-26T12:49:26.518980+00:00,groq_bundle_error,Tamil Nadu,Ariyalur,Andimadam,Alagapuram,2025,,,,,,,"{""state"": ""Tamil Nadu"", ""district"": ""Ariyalur"", ""block"": ""Andimadam"", ""village"": ""Alagapuram"", ""year"": 2025, ""scenario"": {""rainfall_change_pct"": 0, ""temperature_change_c"": 0, ""agri_change_pct"": 0, ""population_change_pct"": 0}, ""compare"": {""district"": ""Ariyalur"", ""year"": 2025}}","{""error"": ""HTTP Error 403: Forbidden""}"
2026-02-26T12:49:53.907507+00:00,groq_bundle_error,Tamil Nadu,Ariyalur,Andimadam,Ariyalur,2026,,,,,,,"{""block"": ""Andimadam"", ""compare"": {""district"": ""Cuddalore"", ""year"": 2027}, ""district"": ""Ariyalur"", ""scenario"": {""agri_change_pct"": 0, ""population_change_pct"": 0, ""rainfall_change_pct"": 0, ""temperature_change_c"": 0}, ""state"": ""Tamil Nadu"", ""village"": ""Ariyalur"", ""year"": 2026}","{""error"": ""HTTP Error 403: Forbidden""}"
2026-02-26T12:50:58.111395+00:00,groq_bundle_error,Tamil Nadu,Ariyalur,Andimadam,Ariyalur,2026,,,,,,,"{""block"": ""Andimadam"", ""compare"": {""district"": ""Ariyalur"", ""year"": 2026}, ""district"": ""Ariyalur"", ""scenario"": {}, ""state"": ""Tamil Nadu"", ""village"": ""Ariyalur"", ""year"": 2026}","{""error"": ""Groq request failed: HTTP 403: Forbidden | error code: 1010""}"
2026-02-26T12:51:31.134517+00:00,groq_bundle_error,Tamil Nadu,Ariyalur,Andimadam,Alagapuram,2025,,,,,,,"{""state"": ""Tamil Nadu"", ""district"": ""Ariyalur"", ""block"": ""Andimadam"", ""village"": ""Alagapuram"", ""year"": 2025, ""scenario"": {""rainfall_change_pct"": 0, ""temperature_change_c"": 0, ""agri_change_pct"": 0, ""population_change_pct"": 0}, ""compare"": {""district"": ""Ariyalur"", ""year"": 2025}}","{""error"": ""Groq request failed: HTTP 403: Forbidden | error code: 1010""}"
2026-02-26T12:53:41.989157+00:00,groq_bundle_error,Tamil Nadu,Ariyalur,Andimadam,Alagapuram,2025,,,,,,,"{""state"": ""Tamil Nadu"", ""district"": ""Ariyalur"", ""block"": ""Andimadam"", ""village"": ""Alagapuram"", ""year"": 2025, ""scenario"": {""rainfall_change_pct"": 0, ""temperature_change_c"": 0, ""agri_change_pct"": 0, ""population_change_pct"": 0}, ""compare"": {""district"": ""Ariyalur"", ""year"": 2025}}","{""error"": ""Groq request failed: HTTP 403: Forbidden | error code: 1010""}"
2026-02-26T12:55:56.899170+00:00,groq_bundle_fallback,Tamil Nadu,Ariyalur,Andimadam,Ariyalur,2026,34.83,Good,,1.0,Low Risk,,"{""block"": ""Andimadam"", ""compare"": {""district"": ""Ariyalur"", ""year"": 2026}, ""district"": ""Ariyalur"", ""scenario"": {}, ""state"": ""Tamil Nadu"", ""village"": ""Ariyalur"", ""year"": 2026}","{""error"": ""Groq request failed: HTTP 403: Forbidden | error code: 1010"", ""meta"": {""provider"": ""local_fallback"", ""model"": ""rule_based_template"", ""reason"": ""Groq request failed: HTTP 403: Forbidden | error code: 1010""}}"
2026-02-26T12:56:39.119957+00:00,groq_bundle_fallback,Tamil Nadu,Ariyalur,Andimadam,Alagapuram,2025,29.12,Good,,1.3,High Risk,,"{""state"": ""Tamil Nadu"", ""district"": ""Ariyalur"", ""block"": ""Andimadam"", ""village"": ""Alagapuram"", ""year"": 2025, ""scenario"": {""rainfall_change_pct"": 0, ""temperature_change_c"": 0, ""agri_change_pct"": 0, ""population_change_pct"": 0}, ""compare"": {""district"": ""Ariyalur"", ""year"": 2025}}","{""error"": ""Groq request failed: HTTP 403: Forbidden | error code: 1010"", ""meta"": {""provider"": ""local_fallback"", ""model"": ""rule_based_template"", ""reason"": ""Groq request failed: HTTP 403: Forbidden | error code: 1010""}}"
2026-02-26T12:57:09.488710+00:00,groq_bundle_fallback,Tamil Nadu,Ariyalur,Andimadam,Alagapuram,2025,29.12,Good,,1.3,High Risk,,"{""state"": ""Tamil Nadu"", ""district"": ""Ariyalur"", ""block"": ""Andimadam"", ""village"": ""Alagapuram"", ""year"": 2025, ""scenario"": {""rainfall_change_pct"": 100, ""temperature_change_c"": 100, ""agri_change_pct"": 100, ""population_change_pct"": 100}, ""compare"": {""district"": ""Dindigul"", ""year"": 2025}}","{""error"": ""Groq request failed: HTTP 403: Forbidden | error code: 1010"", ""meta"": {""provider"": ""local_fallback"", ""model"": ""rule_based_template"", ""reason"": ""Groq request failed: HTTP 403: Forbidden | error code: 1010""}}"
2026-02-26T13:00:53.367696+00:00,predict_success,Tamil Nadu,Thanjavur,Ammapet,Agaramangudi,2025,12.28,Excellent,6.03-18.53,1.0,Low Risk,1.0-1.0,"{""state"": ""Tamil Nadu"", ""district"": ""Thanjavur"", ""block"": ""Ammapet"", ""village"": ""Agaramangudi"", ""year"": ""2025""}","{""district"": ""Thanjavur"", ""block"": ""Ammapet"", ""village"": ""Agaramangudi"", ""year"": 2025, ""wqi"": {""class"": ""Excellent"", ""value"": 12.28, ""range"": [6.03, 18.53]}, ""hhi"": {""class"": ""Low Risk"", ""value"": 1.0, ""range"": [1.0, 1.0]}, ""trend"": [{""year"": 2020, ""wqi_value"": 39.55, ""hhi_value"": 1.0, ""wqi_class"": ""Good"", ""hhi_class"": ""Low Risk""}, {""year"": 2021, ""wqi_value"": 76.0, ""hhi_value"": 1.0, ""wqi_class"": ""Very Poor"", ""hhi_class"": ""Low Risk""}, {""year"": 2022, ""wqi_value"": 40.86, ""hhi_value"": 1.83, ""wqi_class"": ""Good"", ""hhi_class"": ""High Risk""}, {""year"": 2023, ""wqi_value"": 100.01, ""hhi_value"": 1.12, ""wqi_class"": ""Unsuitable for Drinking"", ""hhi_class"": ""High Risk""}, {""year"": 2024, ""wqi_value"": 76.0, ""hhi_value"": 2.26, ""wqi_class"": ""Very Poor"", ""hhi_class"": ""High Risk""}, {""year"": 2025, ""wqi_value"": 12.28, ""hhi_value"": 1.0, ""wqi_class"": ""Excellent"", ""hhi_class"": ""Low Risk""}, {""year"": 2026, ""wqi_value"": 76.0, ""hhi_value"": 1.0, ""wqi_class"": ""Very Poor"", ""hhi_class"": ""Low Risk""}, {""year"": 2027, ""wqi_value"": 33.08, ""hhi_value"": 2.13, ""wqi_class"": ""Good"", ""hhi_class"": ""High Risk""}, {""year"": 2028, ""wqi_value"": 100.01, ""hhi_value"": 1.0, ""wqi_class"": ""Unsuitable for Drinking"", ""hhi_class"": ""Low Risk""}, {""year"": 2029, ""wqi_value"": 16.11, ""hhi_value"": 1.92, ""wqi_class"": ""Excellent"", ""hhi_class"": ""High Risk""}, {""year"": 2030, ""wqi_value"": 11.84, ""hhi_value"": 1.0, ""wqi_class"": ""Excellent"", ""hhi_class"": ""Low Risk""}]}"
2026-02-26T13:01:06.630617+00:00,predict_client,Tamil Nadu,Thanjavur,Ammapet,Agaramangudi,2025,,,,,,,"{""state"": ""Tamil Nadu"", ""district"": ""Thanjavur"", ""block"": ""Ammapet"", ""village"": ""Agaramangudi"", ""year"": ""2025""}",
2026-02-26T13:08:12.212661+00:00,groq_bundle_fallback,Tamil Nadu,Ariyalur,Andimadam,Ariyalur,2026,9.01,Excellent,,0.55,Low Risk,,"{""block"": ""Andimadam"", ""compare"": {""district"": ""Cuddalore"", ""year"": 2027}, ""district"": ""Ariyalur"", ""scenario"": {""agri_change_pct"": 7, ""population_change_pct"": 3, ""rainfall_change_pct"": 5, ""temperature_change_c"": 0.6}, ""state"": ""Tamil Nadu"", ""village"": ""Ariyalur"", ""year"": 2026}","{""meta"": {""provider"": ""local_fallback"", ""model"": ""rule_based_template"", ""reason"": ""Groq request failed: HTTP 403: Forbidden | error code: 1010""}, ""warning"": ""Groq unavailable; local fallback analysis returned.""}"
2026-02-26T13:08:12.283607+00:00,groq_chat_fallback,Tamil Nadu,Ariyalur,Andimadam,Alagapuram,2026,9.01,Excellent,,0.55,Low Risk,,"{""question"": ""what is top management strategy?""}","{""provider"": ""local_fallback"", ""warning"": ""Groq request failed: HTTP 403: Forbidden | error code: 1010""}"
2026-02-26T13:09:33.332914+00:00,groq_bundle_fallback,Tamil Nadu,Ariyalur,Andimadam,Alagapuram,2025,100.01,Unsuitable for Drinking,,1.0,Low Risk,,"{""state"": ""Tamil Nadu"", ""district"": ""Ariyalur"", ""block"": ""Andimadam"", ""village"": ""Alagapuram"", ""year"": 2025, ""scenario"": {""rainfall_change_pct"": 0, ""temperature_change_c"": 0, ""agri_change_pct"": 0, ""population_change_pct"": 0}, ""compare"": {""district"": ""Ariyalur"", ""year"": 2025}}","{""meta"": {""provider"": ""local_fallback"", ""model"": ""rule_based_template"", ""reason"": ""Groq request failed: HTTP 403: Forbidden | error code: 1010""}, ""warning"": ""Groq unavailable; local fallback analysis returned.""}"
2026-02-26T13:09:52.589104+00:00,groq_chat_fallback,Tamil Nadu,Ariyalur,Andimadam,Alagapuram,2025,100.01,Unsuitable for Drinking,,1,Low Risk,,"{""question"": ""what is wqi""}","{""provider"": ""local_fallback"", ""warning"": ""Groq request failed: HTTP 403: Forbidden | error code: 1010""}"
2026-02-26T13:12:05.634009+00:00,groq_bundle_success,Tamil Nadu,Ariyalur,Andimadam,Ariyalur,2026,76.0,Very Poor,,0.55,Low Risk,,"{""block"": ""Andimadam"", ""compare"": {""district"": ""Cuddalore"", ""year"": 2027}, ""district"": ""Ariyalur"", ""scenario"": {""agri_change_pct"": 7, ""population_change_pct"": 3, ""rainfall_change_pct"": 5, ""temperature_change_c"": 0.6}, ""state"": ""Tamil Nadu"", ""village"": ""Ariyalur"", ""year"": 2026}","{""meta"": {""model"": ""llama-3.1-8b-instant"", ""provider"": ""Groq""}, ""warning"": """"}"
2026-02-26T13:12:48.709280+00:00,groq_bundle_fallback,Tamil Nadu,Ariyalur,Andimadam,Alagapuram,2025,21.74,Excellent,,1.0,Low Risk,,"{""state"": ""Tamil Nadu"", ""district"": ""Ariyalur"", ""block"": ""Andimadam"", ""village"": ""Alagapuram"", ""year"": 2025, ""scenario"": {""rainfall_change_pct"": 0, ""temperature_change_c"": 0, ""agri_change_pct"": 0, ""population_change_pct"": 0}, ""compare"": {""district"": ""Ariyalur"", ""year"": 2025}}","{""meta"": {""provider"": ""local_fallback"", ""model"": ""rule_based_template"", ""reason"": ""Groq request failed: HTTP 401: Unauthorized | {\""error\"":{\""message\"":\""Invalid API Key\"",\""type\"":\""invalid_request_error\"",\""code\"":\""invalid_api_key\""}}\n""}, ""warning"": ""Groq unavailable; local fallback analysis returned.""}"
2026-02-26T13:12:51.629059+00:00,groq_chat_fallback,Tamil Nadu,Ariyalur,Andimadam,Alagapuram,2025,21.74,Excellent,,1,Low Risk,,"{""question"": ""hi""}","{""provider"": ""local_fallback"", ""warning"": ""Groq request failed: HTTP 401: Unauthorized | {\""error\"":{\""message\"":\""Invalid API Key\"",\""type\"":\""invalid_request_error\"",\""code\"":\""invalid_api_key\""}}\n""}"
2026-02-26T13:14:09.384677+00:00,groq_chat_fallback,Tamil Nadu,Ariyalur,Andimadam,Alagapuram,2025,21.74,Excellent,,1,Low Risk,,"{""question"": ""how do u conclude it is risk""}","{""provider"": ""local_fallback"", ""warning"": ""Groq request failed: HTTP 401: Unauthorized | {\""error\"":{\""message\"":\""Invalid API Key\"",\""type\"":\""invalid_request_error\"",\""code\"":\""invalid_api_key\""}}\n""}"
2026-02-26T13:14:19.978349+00:00,groq_chat_fallback,Tamil Nadu,Ariyalur,Andimadam,Alagapuram,2025,21.74,Excellent,,1,Low Risk,,"{""question"": ""give me the reasom""}","{""provider"": ""local_fallback"", ""warning"": ""Groq request failed: HTTP 401: Unauthorized | {\""error\"":{\""message\"":\""Invalid API Key\"",\""type\"":\""invalid_request_error\"",\""code\"":\""invalid_api_key\""}}\n""}"
2026-02-26T13:20:52.955997+00:00,groq_bundle_fallback,Tamil Nadu,Ariyalur,Andimadam,Alagapuram,2025,35.91,Good,,1.0,Low Risk,,"{""state"": ""Tamil Nadu"", ""district"": ""Ariyalur"", ""block"": ""Andimadam"", ""village"": ""Alagapuram"", ""year"": 2025, ""scenario"": {""rainfall_change_pct"": 0, ""temperature_change_c"": 0, ""agri_change_pct"": 0, ""population_change_pct"": 0}, ""compare"": {""district"": ""Ariyalur"", ""year"": 2025}}","{""meta"": {""provider"": ""local_fallback"", ""model"": ""rule_based_template"", ""reason"": ""Groq request failed: HTTP 401: Unauthorized | {\""error\"":{\""message\"":\""Invalid API Key\"",\""type\"":\""invalid_request_error\"",\""code\"":\""invalid_api_key\""}}\n""}, ""warning"": ""Groq unavailable; local fallback analysis returned.""}"
2026-02-26T13:25:02.307209+00:00,groq_bundle_success,Tamil Nadu,Ariyalur,Andimadam,Alagapuram,2028,37.59,Good,,1.0,Low Risk,,"{""block"": ""Andimadam"", ""compare"": {""district"": ""Cuddalore"", ""year"": 2028}, ""district"": ""Ariyalur"", ""scenario"": {""agri_change_pct"": 3, ""population_change_pct"": 2, ""rainfall_change_pct"": 5, ""temperature_change_c"": 0.4}, ""state"": ""Tamil Nadu"", ""village"": ""Alagapuram"", ""year"": 2028}","{""meta"": {""model"": ""llama-3.1-8b-instant"", ""provider"": ""Groq""}, ""warning"": """"}"
2026-02-26T13:25:02.503521+00:00,groq_bundle_pdf_export,Tamil Nadu,Ariyalur,Andimadam,Alagapuram,2028,37.59,Good,,1.0,Low Risk,,"{""block"": ""Andimadam"", ""district"": ""Ariyalur"", ""state"": ""Tamil Nadu"", ""village"": ""Alagapuram"", ""year"": 2028}","{""download"": ""research_bundle_Ariyalur_2028.pdf""}"
2026-02-26T13:26:00.011882+00:00,groq_bundle_fallback,Tamil Nadu,Ariyalur,Andimadam,Alagapuram,2025,17.01,Excellent,,2.24,High Risk,,"{""state"": ""Tamil Nadu"", ""district"": ""Ariyalur"", ""block"": ""Andimadam"", ""village"": ""Alagapuram"", ""year"": 2025, ""scenario"": {""rainfall_change_pct"": 0, ""temperature_change_c"": 0, ""agri_change_pct"": 0, ""population_change_pct"": 0}, ""compare"": {""district"": ""Ariyalur"", ""year"": 2025}}","{""meta"": {""provider"": ""local_fallback"", ""model"": ""rule_based_template"", ""reason"": ""Groq request failed: HTTP 401: Unauthorized | {\""error\"":{\""message\"":\""Invalid API Key\"",\""type\"":\""invalid_request_error\"",\""code\"":\""invalid_api_key\""}}\n""}, ""warning"": ""Groq unavailable; local fallback analysis returned.""}"
2026-02-26T13:26:34.020778+00:00,groq_bundle_fallback,Tamil Nadu,Ariyalur,Andimadam,Alagapuram,2025,52.34,Poor,,1.48,High Risk,,"{""state"": ""Tamil Nadu"", ""district"": ""Ariyalur"", ""block"": ""Andimadam"", ""village"": ""Alagapuram"", ""year"": 2025, ""scenario"": {""rainfall_change_pct"": 0, ""temperature_change_c"": 0, ""agri_change_pct"": 0, ""population_change_pct"": 0}, ""compare"": {""district"": ""Ariyalur"", ""year"": 2025}}","{""meta"": {""provider"": ""local_fallback"", ""model"": ""rule_based_template"", ""reason"": ""Groq request failed: HTTP 401: Unauthorized | {\""error\"":{\""message\"":\""Invalid API Key\"",\""type\"":\""invalid_request_error\"",\""code\"":\""invalid_api_key\""}}\n""}, ""warning"": ""Groq unavailable; local fallback analysis returned.""}"
2026-02-26T13:26:37.967829+00:00,groq_bundle_pdf_export,Tamil Nadu,Ariyalur,Andimadam,Alagapuram,2025,52.34,Poor,,1.48,High Risk,,"{""state"": ""Tamil Nadu"", ""district"": ""Ariyalur"", ""block"": ""Andimadam"", ""village"": ""Alagapuram"", ""year"": 2025}","{""download"": ""research_bundle_Ariyalur_2025.pdf""}"
2026-02-26T13:27:26.022330+00:00,groq_bundle_fallback,Tamil Nadu,Ariyalur,Andimadam,Alagapuram,2025,52.34,Poor,,1.48,High Risk,,"{""state"": ""Tamil Nadu"", ""district"": ""Ariyalur"", ""block"": ""Andimadam"", ""village"": ""Alagapuram"", ""year"": 2025, ""scenario"": {""rainfall_change_pct"": 0, ""temperature_change_c"": 0, ""agri_change_pct"": 0, ""population_change_pct"": 0}, ""compare"": {""district"": ""Ariyalur"", ""year"": 2025}}","{""meta"": {""provider"": ""local_fallback"", ""model"": ""rule_based_template"", ""reason"": ""Groq request failed: HTTP 401: Unauthorized | {\""error\"":{\""message\"":\""Invalid API Key\"",\""type\"":\""invalid_request_error\"",\""code\"":\""invalid_api_key\""}}\n""}, ""warning"": ""Groq unavailable; local fallback analysis returned.""}"
2026-02-26T13:27:26.868306+00:00,groq_bundle_pdf_export,Tamil Nadu,Ariyalur,Andimadam,Alagapuram,2025,52.34,Poor,,1.48,High Risk,,"{""state"": ""Tamil Nadu"", ""district"": ""Ariyalur"", ""block"": ""Andimadam"", ""village"": ""Alagapuram"", ""year"": 2025}","{""download"": ""research_bundle_Ariyalur_2025.pdf""}"
2026-03-23T09:45:06.661196+00:00,predict_success,Tamil Nadu,Tiruvannamalai,Jawadhu Hills,Veergoundanur,2032,37.69,Good,31.69-43.69,0.47,Low Risk,0.22-0.72,"{""state"": ""Tamil Nadu"", ""district"": ""Tiruvannamalai"", ""block"": ""Jawadhu Hills"", ""village"": ""Veergoundanur"", ""year"": ""2032""}","{""district"": ""Tiruvannamalai"", ""block"": ""Jawadhu Hills"", ""village"": ""Veergoundanur"", ""year"": 2032, ""wqi"": {""class"": ""Good"", ""value"": 37.69, ""range"": [31.69, 43.69]}, ""hhi"": {""class"": ""Low Risk"", ""value"": 0.47, ""range"": [0.22, 0.72]}, ""trend"": [{""year"": 2027, ""wqi_value"": 28.32, ""hhi_value"": 0.27, ""wqi_class"": ""Good"", ""hhi_class"": ""Low Risk""}, {""year"": 2028, ""wqi_value"": 12.22, ""hhi_value"": 1.0, ""wqi_class"": ""Excellent"", ""hhi_class"": ""Low Risk""}, {""year"": 2029, ""wqi_value"": 100.01, ""hhi_value"": 1.0, ""wqi_class"": ""Unsuitable for Drinking"", ""hhi_class"": ""Low Risk""}, {""year"": 2030, ""wqi_value"": 34.55, ""hhi_value"": 1.43, ""wqi_class"": ""Good"", ""hhi_class"": ""High Risk""}, {""year"": 2031, ""wqi_value"": 13.7, ""hhi_value"": 1.0, ""wqi_class"": ""Excellent"", ""hhi_class"": ""Low Risk""}, {""year"": 2032, ""wqi_value"": 37.69, ""hhi_value"": 0.47, ""wqi_class"": ""Good"", ""hhi_class"": ""Low Risk""}, {""year"": 2033, ""wqi_value"": 39.87, ""hhi_value"": 1.0, ""wqi_class"": ""Good"", ""hhi_class"": ""Low Risk""}, {""year"": 2034, ""wqi_value"": 58.94, ""hhi_value"": 0.35, ""wqi_class"": ""Poor"", ""hhi_class"": ""Low Risk""}, {""year"": 2035, ""wqi_value"": 51.0, ""hhi_value"": 1.85, ""wqi_class"": ""Poor"", ""hhi_class"": ""High Risk""}, {""year"": 2036, ""wqi_value"": 53.61, ""hhi_value"": 1.0, ""wqi_class"": ""Poor"", ""hhi_class"": ""Low Risk""}, {""year"": 2037, ""wqi_value"": 40.81, ""hhi_value"": 1.0, ""wqi_class"": ""Good"", ""hhi_class"": ""Low Risk""}]}"
2026-03-23T09:45:18.952379+00:00,predict_client,Tamil Nadu,Tiruvannamalai,Jawadhu Hills,Veergoundanur,2032,,,,,,,"{""state"": ""Tamil Nadu"", ""district"": ""Tiruvannamalai"", ""block"": ""Jawadhu Hills"", ""village"": ""Veergoundanur"", ""year"": ""2032""}",
